appid,steam_name,developer,publisher,score_rank,positive,negative,userscore,owners,average_forever,median_forever,price,initialprice,discount,ccu,genres,tags,languages,release_date,windows,mac,linux
271360,Industry Giant 2,"Fancy Bytes, Reactor",Toplitz Productions,NA,NA,NA,86,NA,NA,NA,9.99,9.99,0,NA,28|2,9|599|4695|12472|4328,NA,08/14/2015,TRUE,FALSE,FALSE
287450,Rise of Nations: Extended Edition,SkyBox Labs|Big Huge Games,Xbox Game Studios,NA,NA,NA,94,NA,NA,NA,19.99,19.99,67,NA,28|2,9|1676|3965|7332|4328|4161|1685|1643|5708|5851|19|4166|1693|3859|3987|14720|599|1678|1756|4182,NA,06/12/2014,TRUE,FALSE,FALSE
289070,Sid Meier's Civilization VI,Firaxis Games|Aspyr (Mac)|Aspyr (Linux),2K|Aspyr (Mac)|Aspyr (Linux),NA,NA,NA,86,NA,NA,NA,59.99,59.99,0,NA,2,9|1741|599|1708|12472|1643|3843|1669|1756|1685|1717|4166|3859|3987|4364|4182|1677|1670|4328|1678,NA,10/21/2016,TRUE,TRUE,TRUE
306130,The Elder Scrolls Online,ZeniMax Online Studios,Bethesda Softworks,NA,NA,NA,80,NA,NA,NA,19.99,19.99,0,NA,1|25|29|3,122|1754|4747|1775|6730|3854|1742|4486|4155|4057|4231|4166|1695|1684|21|3859|3834|4182|128|19,NA,NA,TRUE,TRUE,FALSE
312540,Ys VI: The Ark of Napishtim,Nihon Falcom,"XSEED Games|Marvelous USA, Inc.",NA,NA,NA,89,NA,NA,NA,19.99,19.99,0,NA,1|25|3,19|122|1693|4434|21|1756|4231|4085|4182|4026|1684,NA,04/28/2015,TRUE,FALSE,FALSE
313480,Blitzkrieg Anthology,Nival,Nival,NA,NA,NA,90,NA,NA,NA,4.99,4.99,0,NA,2,9|4150|1708|4175|4026|4166|1756|3859|9592|5851|1676|1678|4168|4182|3987|3813|1693|13276,NA,09/16/2014,TRUE,FALSE,FALSE
320970,IGT Slots Paradise Garden,Fugazo,Viva Media,NA,NA,NA,66,NA,NA,NA,19.99,19.99,0,NA,4,597|16250,NA,09/17/2014,TRUE,TRUE,FALSE
326460,ShellShock Live,kChamp Games,kChamp Games,NA,NA,NA,93,NA,NA,NA,9.99,9.99,50,NA,1|4|23|29|2,13276|3859|128|492|4305|1685|1741|4136|4182|3968|1756|5350|9|3871|19|1677|1774|597|3843|493,NA,05/22/2020,TRUE,TRUE,TRUE
338800,Seven Kingdoms 2 HD,Enlight Software Limited,Enlight Software Limited,NA,NA,NA,80,NA,NA,NA,9.99,9.99,0,NA,23|28|2,9|599|5851|6310|1684|3859|3810|4364|3813|12472|1693|6650|492|1676|8945|4695|3987|4004|4182|1670,NA,02/05/2015,TRUE,FALSE,FALSE
345260,MEDIEVAL: Total War™ - Gold Edition,CREATIVE ASSEMBLY,SEGA,NA,NA,NA,70,NA,NA,NA,9.99,9.99,80,NA,1|2,9|19|4166|1756|1708|4172|3987|1741|1693|1676|4364|4182|1677,NA,06/25/2015,TRUE,FALSE,FALSE
349040,NARUTO SHIPPUDEN: Ultimate Ninja STORM 4,CyberConnect2 Co. Ltd.,BANDAI NAMCO Entertainment,NA,NA,NA,91,NA,NA,NA,19.99,19.99,0,NA,1|25,4085|1743|1756|1695|1684|1685|3843|4166|3841|4158|10397|7481|19|3859|1688|21|1742|7368|4182|1697,NA,02/04/2016,TRUE,FALSE,FALSE
351320,DROD: The Second Sky,Caravel Games,Caravel Games,NA,NA,NA,95,NA,NA,NA,14.99,14.99,0,NA,25|23|2,9|492|21|1664,NA,11/19/2016,TRUE,TRUE,TRUE
356500,STAR WARS™ Galactic Battlegrounds Saga,Ensemble Studios,Disney|Lucasfilm|LucasArts,NA,NA,NA,91,NA,NA,NA,5.99,5.99,0,NA,1|2,9|1676|1756|1755|19|3859|4182|1693|3942|7332|3871|4161,NA,03/01/2016,TRUE,FALSE,FALSE
358930,Star Control III,Legend Entertainment,Stardock Entertainment,NA,NA,NA,62,NA,NA,NA,3.99,3.99,0,NA,1|25|23|2,3814|1775|3834|1755|3942|19|1643|21|4004|4295|3993|4182|4231|6730|4106|1697|4191|11104|18594|1742,NA,10/19/2017,TRUE,FALSE,FALSE
359420,The Journeyman Project 1: Pegasus Prime,Presto Studios,Presto Studios,NA,NA,NA,94,NA,NA,NA,9.99,9.99,0,NA,25|4|23,21|492|597|18594|1698|10679|1693,NA,02/20/2017,TRUE,FALSE,FALSE
374900,Agatha Christie - The ABC Murders,Artefacts Studio,Microids,NA,NA,NA,81,NA,NA,NA,14.99,14.99,0,NA,25,21|5613|6052|1697|3799|1698|5716|1664|3796|4182|8369|6378|1742,NA,02/04/2016,TRUE,TRUE,TRUE
409720,BioShock 2 Remastered,2K Marin|2K China|Digital Extremes|2K Australia|Blind Squirrel|Feral Interactive (Mac),2K|Feral Interactive (Mac),NA,NA,NA,71,NA,NA,NA,19.99,19.99,0,NA,1|3,1663|19|122|1777|9157|21|4342|1756|4598|9204|5708|3859|4182|1742|4166|1667|3839|1774|5030|3942,NA,09/15/2016,TRUE,TRUE,FALSE
410980,Master of Orion 2,SimTex,Wargaming Labs,NA,NA,NA,96,NA,NA,NA,5.99,5.99,0,NA,2,9|1670|1677|1755|3942|1693|1741|3859|4182|4004,NA,02/25/2016,TRUE,TRUE,TRUE
429530,Falcon 4.0,MicroProse Software,MicroProse Software,NA,NA,NA,84,NA,NA,NA,14.99,14.99,0,NA,28,599|15045|4684|4191|3993|1669|1695|3859|5230|21978|1693|1774|4168|4175|6691|19|4004|1678|4182|9,NA,01/08/2016,TRUE,FALSE,FALSE
433280,Warlords Battlecry III,Infinite Interactive,Retroism|Enlight Software Limited,NA,NA,NA,84,NA,NA,NA,9.99,9.99,0,NA,2,9|7918|1676|122|1684|1693,NA,01/22/2016,TRUE,FALSE,FALSE
433290,Nemesis of the Roman Empire,Haemimont Games,Haemimont Games,NA,NA,NA,92,NA,NA,NA,9.99,9.99,0,NA,2,9|1676,NA,01/28/2016,TRUE,FALSE,FALSE
447020,Farming Simulator 17,GIANTS Software,GIANTS Software,NA,NA,NA,93,NA,NA,NA,14.99,14.99,0,NA,28,87918|599|4182|12472|3839|1685|3843|5350|1697|3810|9|1756|3859|1100687|22602|1695|4175|4695|1644|1669,NA,10/24/2016,TRUE,TRUE,FALSE
456540,STAR WARS™: Rebel Assault I + II,LucasArts,LucasArts|Lucasfilm|Disney,NA,NA,NA,65,NA,NA,NA,9.99,9.99,0,NA,1|28,19|599|18594|1693|56690|6691|3942|4004,NA,03/29/2016,TRUE,TRUE,FALSE
495420,State of Decay 2,Undead Labs,Xbox Game Studios,NA,NA,NA,82,NA,NA,NA,29.99,29.99,75,NA,1|3|28,1662|1695|122|3810|1697|4182|4345|1667|1759|4667|4711|4166|1659|7332|3859|1685|3843|3835|599|19,NA,03/13/2020,TRUE,FALSE,FALSE
502500,ACE COMBAT™7: SKIES UNKNOWN,Bandai Namco Studios Inc.,Bandai Namco Entertainment,NA,NA,NA,87,NA,NA,NA,74.99,74.99,80,NA,1|28,15045|92092|19|599|3839|1742|1697|1756|4182|15954|3942|4175|4168|1678|1773|1774|4145|4191|1775|3859,NA,01/31/2019,TRUE,FALSE,FALSE
516110,ToeJam & Earl: Back in the Groove,HumaNature Studios,HumaNature Studios,NA,NA,NA,87,NA,NA,NA,14.99,14.99,0,NA,25|4|23,21|492|3843|1756|5153|7368|1719|3859|14720|4840|3942|597|4004|3959|1685|4136|3841|4195|1716,NA,03/01/2019,TRUE,TRUE,TRUE
517790,Caesar 3,Impressions Games,Activision,NA,NA,NA,92,NA,NA,NA,5.99,5.99,0,NA,28|2,4328|9|6691|8945|599|3987|6948|1693|12472|5851|4182|4004,NA,08/29/2016,TRUE,FALSE,FALSE
529340,Victoria 3,Paradox Development Studio,Paradox Interactive,NA,NA,NA,69,NA,NA,NA,49.99,49.99,0,NA,28|2,4364|4695|4598|1669|4853|8945|7107|3810|3859|4182|4711|4168|3987|26921|9|4845|4754|6310|12472|599,NA,10/25/2022,TRUE,TRUE,TRUE
542290,Da Capo 3 R,Circus,MangaGamer|Sunflower Ocean,NA,NA,NA,96,NA,NA,NA,39.99,39.99,0,NA,25|4,3799|9551|5608|4305|5673|1654|597|3854|21|4486|4182|3871|4085|4947|4726|6971|1742|6426|1684|4057,NA,01/20/2017,TRUE,TRUE,TRUE
552460,Serious Sam VR: The Second Encounter,Croteam VR,Devolver Digital|Croteam,NA,NA,NA,85,NA,NA,NA,19.99,19.99,0,NA,1|23,21978|19|3843|492|4345|4667|3839|1685|3916|1663|1673,NA,04/04/2017,TRUE,FALSE,TRUE
580940,Redneck Rampage Rides Again,Xatrix Entertainment,Interplay Entertainment Corp.,NA,NA,NA,81,NA,NA,NA,14.99,14.99,0,NA,1,19|1663|6691|21|3839|1774|1693|1719|4136,NA,06/05/2017,TRUE,TRUE,TRUE
603850,Age of History II,Łukasz Jakowski,Łukasz Jakowski Games,NA,NA,NA,89,NA,NA,NA,5.99,5.99,0,NA,2,9|3987|4182|4150|4853|6310|4754|4598|5382|492|1695|597|1678|4364|1741|26921|1677|599|3859|3810,NA,11/21/2018,TRUE,FALSE,FALSE
607120,Police Quest - SWAT 2,Yosemite Entertainment,Sierra|Activision,NA,NA,NA,78,NA,NA,NA,5.99,5.99,0,NA,28|2,599|9|1693|1708,NA,04/18/2017,TRUE,FALSE,FALSE
614570,Dishonored®: Death of the Outsider™,Arkane Studios,Bethesda Softworks,NA,NA,NA,87,NA,NA,NA,29.99,29.99,0,NA,1,1687|19|4057|9204|21|4342|6426|1695|4345|1663|4036|1684|3839|4376|7208|1777|4182|4166|1742|4667,NA,09/15/2017,TRUE,FALSE,FALSE
622630,Bendy: Secrets of the Machine,Gent Corporation,Joey Drew Studios,NA,NA,NA,82,NA,NA,NA,0,0,NA,NA,1|25|4|23,21|492|5900|19|4342|113|4252|1742|3859|3834|4166|5716|1667|597|1664|4195|3839|11014|4562|4182,NA,04/14/2024,TRUE,FALSE,FALSE
628660,Lode Runner Legacy,"Tozai Games, Inc.|O-TWO inc.|ESQUADRA,inc.","Tozai Games, Inc.",NA,NA,NA,79,NA,NA,NA,11.99,11.99,0,NA,1|4,19|597|8122|1664|4004|5537|1693|5708|1625|4182|1773,NA,07/13/2017,TRUE,FALSE,FALSE
632360,Risk of Rain 2,Hopoo Games,Gearbox Publishing,NA,NA,NA,93,NA,NA,NA,24.99,24.99,67,NA,1|23,3814|42804|1774|1756|4026|492|1697|1662|4182|7948|493|4885|3859|1685|3959|1716|19|353880|4236|3843,NA,08/11/2020,TRUE,FALSE,FALSE
637090,BATTLETECH,Harebrained Schemes,Paradox Interactive,NA,NA,NA,83,NA,NA,NA,39.99,39.99,0,NA,1|25|2,4821|9|4182|122|1755|12472|21|4295|3859|1742|1756|4026|14139|1677|3942|1741|1708|19|4747|5752,NA,04/24/2018,TRUE,TRUE,TRUE
646910,The Crew 2,Ivory Tower,Ubisoft,NA,NA,NA,77,NA,NA,NA,29.99,29.99,0,NA,1|29|9,699|1695|1773|3843|3839|1697|599|13190|701|4166|21|3810|1100687|3859|1644|128|19|15045|1685|4182,NA,06/29/2018,TRUE,FALSE,FALSE
690790,DiRT Rally 2.0,Codemasters,Codemasters|Electronic Arts,NA,NA,NA,88,NA,NA,NA,19.99,19.99,0,NA,9|28|18,699|1100687|4026|7481|3839|1695|1685|29363|5350|8075|19|21|599|3859|21978|1644|701|7622|4175|4182,NA,02/26/2019,TRUE,FALSE,FALSE
730820,The Curse of Monkey Island,LucasArts,LucasArts|Lucasfilm|Disney,NA,NA,NA,97,NA,NA,NA,6.99,6.99,0,NA,25,1698|6691|1664|1719|3871|4305|4166|4136|1756|3834|14720|4562|21|7782|4004|1693|1681|5708|4182|4195,NA,03/22/2018,TRUE,TRUE,FALSE
785770,Notruf 112 - Die Feuerwehr Simulation 2,Crenetic,Aerosoft GmbH,NA,NA,NA,61,NA,NA,NA,29.99,29.99,0,NA,1|4|28,599|4175|19|1708|4182|4166|1685|597|4305|150626|3843|9|3859|1644|3810|1695|1669|3839|1697|4191,NA,03/18/2021,TRUE,FALSE,FALSE
808910,STAR WARS™ Episode I Racer,LucasArts,Lucasfilm|Disney,NA,NA,NA,86,NA,NA,NA,9.99,9.99,0,NA,1|9,699|19|1693|3942|3859|4182|3839|1773|4004|1756,NA,11/16/2018,TRUE,FALSE,FALSE
894020,Death's Door,Acid Nerve,Devolver Digital,NA,NA,NA,93,NA,NA,NA,19.99,19.99,0,NA,1|25|23|3,29482|4726|3834|5851|4231|1720|1628|4191|492|7481|4305|3993|4195|5395|4604|19|21|4106|1646|122,NA,07/20/2021,TRUE,FALSE,FALSE
911400,Assassin's Creed III Remastered,Ubisoft Entertainment,Ubisoft Entertainment,NA,NA,NA,62,NA,NA,NA,39.99,39.99,0,NA,1|25,19|21|13190|3859|1756|4106|4345|122|4166|4598|4231|4376|1695|1687|3987|4036|1697|4182|1742,NA,03/29/2019,TRUE,FALSE,FALSE
934700,Dead Island 2,Dambuster Studios,Deep Silver,NA,NA,NA,77,NA,NA,NA,49.99,49.99,0,NA,1|25,1685|1659|1702|1663|7481|5923|6730|19|4747|3993|1646|3978|4345|3839|3835|4106|1667|21|4231|4342,NA,04/22/2024,TRUE,TRUE,FALSE
1001140,Angry Birds VR: Isle of Pigs,Resolution Games,Resolution Games,NA,NA,NA,89,NA,NA,NA,19.99,19.99,0,NA,4,5350|597|3810|4835|4726|1654|5411|4562|3934|4026|4195|10397|21978|1664|3968|8122|7782|4182|1756|1708,NA,02/07/2019,TRUE,FALSE,FALSE
1023720,Hidden Mysteries: Royal Family Secrets,Gunnar Games,Gunnar Games,NA,NA,NA,60,NA,NA,NA,5.99,5.99,0,NA,25,21|1664|1738|1742|4182|1698,NA,08/14/2019,TRUE,FALSE,FALSE
1025600,Battle Realms: Zen Edition,Ed Del Castillo,Ed Del Castillo,NA,NA,NA,88,NA,NA,NA,14.99,14.99,0,NA,1|2,9|19|1676|1693|3859|493|1684|1734|4182|7332,NA,01/27/2025,TRUE,FALSE,FALSE
2697000,The Legend of Khiimori,Aesir Interactive|NightinGames,Mindscape,NA,NA,NA,86,NA,NA,NA,29.99,29.99,0,NA,25|4|28|70,6041|3987|21|4726|10383|4175|4191|1697|4182|7481|597|1654|3834|1695|1662|30358|7208|16094|599|10235,NA,03/03/2026,TRUE,FALSE,FALSE
2702080,Great Naval Battles: The Final Fury,IO Design Group|Divide By Zero Software,SNEG,NA,NA,NA,84,NA,NA,NA,9.99,9.99,0,NA,28|2,599|9|3839|4791|13190|3987|4168|3916|4004|13577|19780|1678|6910|4684|4150|5382|4994|4364|3813|6691,NA,12/21/2023,TRUE,FALSE,FALSE
2765460,Star Trek Legends,Emerald City Games,Tilting Point,NA,NA,NA,67,NA,NA,NA,19.99,19.99,0,NA,1|25|3,19|21|122|493|1755|3942|3993|4231|3834,NA,09/02/2024,TRUE,FALSE,FALSE
2933130,The Lord of the Rings: Return to Moria™,Free Range Games,North Beach Games,NA,NA,NA,81,NA,NA,NA,29.99,29.99,0,NA,1|25|3,7332|1100689|1695|4106|6730|3810|122|19|4747|1697|4182|1684|7918|1662|3834|3843|1702|1643|21|3859,NA,08/27/2024,TRUE,FALSE,FALSE
3556750,"Warhammer 40,000: Dawn of War - Definitive Edition",Relic Entertainment,Relic Entertainment,NA,NA,NA,84,NA,NA,NA,29.99,29.99,20,NA,2,9|1676|1708|12286|8122|4191|4145|4364|1684|4345|1775|4667|3859|4182|3843|7332|3942|1685|6730|1723,NA,08/14/2025,TRUE,FALSE,FALSE
240,Counter-Strike: Source,Valve,Valve,NA,NA,NA,96,NA,NA,NA,9.99,9.99,0,NA,1,1774|1663|4168|1678|9|1669|4182|4026|4166|1662|599|3810|19|3859|5711|3839|3878|1708|1775|5055,NA,11/01/2004,TRUE,TRUE,TRUE
1630,Disciples II: Rise of the Elves,Strategy First,Strategy First,NA,NA,NA,87,NA,NA,NA,5.99,5.99,80,NA,2,9|1741|3916|14720|1693|1677|1684|4604|4166|122|7918|1756,NA,07/06/2006,TRUE,FALSE,FALSE
7610,Railroad Tycoon 3,PopTop,2K,NA,NA,NA,77,NA,NA,NA,9.99,9.99,0,NA,2,12472|9|8945|3987|1616|599|4695|4182|7107|1693|1643|3810,NA,05/04/2007,FALSE,FALSE,FALSE
7620,Railroad Tycoon 2: Platinum,PopTop,2K,NA,NA,NA,89,NA,NA,NA,4.99,4.99,0,NA,2,9|12472|1616|599|4695|1693|4182|3987|1756|10383,NA,05/04/2007,FALSE,FALSE,FALSE
9010,Return to Castle Wolfenstein,Gray Matter Studios,Bethesda Softworks,NA,NA,NA,92,NA,NA,NA,4.99,4.99,0,NA,1,1663|19|4166|3859|4345|1659|1687|3942|21|4004|1756|3916|4150|1693|10808|4598|1774|4182|3839|1667,NA,08/03/2007,FALSE,FALSE,FALSE
11020,TrackMania Nations Forever,Nadeo,Ubisoft,NA,NA,NA,90,NA,NA,NA,0,0,NA,NA,9,699|113|128|19|701|4026|3810|597|21|1685|3839|492|3859|1100687|4182|8122|1773|3878|599|7481,NA,04/16/2008,TRUE,FALSE,FALSE
11480,Soldiers: Heroes of World War II - Enhanced Edition,Best Way,Fulqrum Publishing,NA,NA,NA,86,NA,NA,NA,4.99,4.99,0,NA,2,9|4150|3859|3813|4684|4175|4168|1723|4191|4791|1669|1775|1676|3987|1685|4182|13276|19|599|1678,NA,07/03/2014,TRUE,FALSE,FALSE
13560,Tom Clancy's Splinter Cell,Ubisoft,Ubisoft,NA,NA,NA,87,NA,NA,NA,9.99,9.99,0,NA,1,1687|19|7481|4026|1708|1685|9|1697|4182|1693|1774|3814|3859|21|4166,NA,04/01/2008,TRUE,FALSE,FALSE
15120,Tom Clancy's Rainbow Six: Vegas 2,Ubisoft Montreal,Ubisoft,NA,NA,NA,84,NA,NA,NA,9.99,9.99,0,NA,1,1708|19|9|5711|1687|1693|1697|4026|4166|4175|3814|21|1663|1685|4182|3859|1774|3843|3839|4747,NA,04/16/2008,FALSE,FALSE,FALSE
15210,Silent Hunter III,Ubisoft,Ubisoft,NA,NA,NA,87,NA,NA,NA,9.99,9.99,0,NA,28,4994|599|3859|4182|19|9|1693|1678|19780|4150|6910|4168|3987|9157|1695|4175,NA,06/13/2008,FALSE,FALSE,FALSE
15320,IL-2 Sturmovik: 1946,1C: Maddox Games,Fulqrum Publishing,NA,NA,NA,87,NA,NA,NA,9.99,9.99,0,NA,28,599|15045|4182|21978|92092|1678|1669|1695|4150|4168|3987|4175|3859|8075|19|1693,NA,06/13/2008,TRUE,FALSE,FALSE
19830,Tom Clancy's Rainbow Six 3: Gold Edition,Red Storm Entertainment|Ubisoft Montreal,Ubisoft,NA,NA,NA,91,NA,NA,NA,9.99,9.99,75,NA,1,1708|1663|4182|3859|3916|4168|1687|19|599|9|1774|1693|4175|1685|3839,NA,09/25/2008,FALSE,FALSE,FALSE
19980,Prince of Persia,Ubisoft Montreal,Ubisoft,NA,NA,NA,78,NA,NA,NA,9.99,9.99,80,NA,1|25,19|21|4166|1646|1756|5411|1654|7481|5395|4106|4947|1719|4036|1625|1697|4182|1684|3834|1742|1695,NA,12/10/2008,FALSE,FALSE,FALSE
22330,The Elder Scrolls IV: Oblivion Game of the Year Edition (2009),Bethesda Game Studios,Bethesda Softworks,NA,NA,NA,95,NA,NA,NA,14.99,14.99,0,NA,3,122|1695|4747|19|1742|4166|4172|3810|1693|4231|1697|4604|1684|4182|1669|3839|21|3834|1756|4057,NA,06/16/2009,TRUE,FALSE,FALSE
23490,Tropico 3 - Steam Special Edition,Haemimont Games,Kalypso Media Digital,NA,NA,NA,89,NA,NA,NA,9.99,9.99,0,NA,28|2,599|9|4136|5179|1756|26921|4166|3859|1693|1695|4328|12472|4754|3810|4182|4695|1651|1719,NA,NA,TRUE,FALSE,FALSE
25800,Europa Universalis III,Paradox Development Studio,Paradox Interactive,NA,NA,NA,83,NA,NA,NA,14.99,14.99,0,NA,2,4364|9|4190|1676|1678|1685|4598|4172|1670|6129|1756|1669|3987|26921|7107|4853|3810|599|4182|3859,NA,02/04/2009,TRUE,TRUE,FALSE
25890,Hearts of Iron III,Paradox Development Studio,Paradox Interactive,NA,NA,NA,76,NA,NA,NA,9.99,9.99,0,NA,2,4364|9|4026|4182|1676|4684|4598|1756|5382|4754|4150|3987|599|4168|7107|1678|3810|3859,NA,08/07/2009,TRUE,TRUE,FALSE
32680,Delta Force: Black Hawk Down - Team Sabre,Ritual Entertainment,NovaLogic,NA,NA,NA,93,NA,NA,NA,9.99,9.99,0,NA,1,19|1663|3859|4168|1774|3839|1693,NA,06/18/2009,FALSE,FALSE,FALSE
32770,Joint Operations: Combined Arms,NovaLogic,NovaLogic|THQ Nordic,NA,NA,NA,86,NA,NA,NA,19.99,19.99,0,NA,1,19|4345|3859|1663|1685|1774|4168|4182,NA,09/29/2009,FALSE,FALSE,FALSE
34420,XIII Century,Unicorn Games Studio,Fulqrum Publishing,NA,NA,NA,56,NA,NA,NA,4.99,4.99,0,NA,2,9|4172|1676,NA,08/28/2009,TRUE,FALSE,FALSE
39530,Painkiller: Black Edition,People Can Fly,Prime Matter,NA,NA,NA,88,NA,NA,NA,9.99,9.99,0,NA,1,4345|19|1667|4166|1734|3859|4667|3952|7782|1023537|1659|4342|1663|1693|1774|1756|3839|4182|9541|5547,NA,01/24/2007,TRUE,FALSE,FALSE
40960,Stronghold 2,Firefly Studios,Firefly Studios,NA,NA,NA,88,NA,NA,NA,14.99,14.99,70,NA,28|2,4328|3813|9|7332|1676|4161|5851|4791|3987|1695|599|8945|4172|220585|3810|1643|1678|4695|12472|4168,NA,10/05/2017,TRUE,FALSE,FALSE
41000,Serious Sam HD: The First Encounter,Croteam,Devolver Digital,NA,NA,NA,93,NA,NA,NA,14.99,14.99,0,NA,1|23,1663|19|3916|492|4182|1673|4026|4136|5708|21|4305|3942|1685|1774|4345|3859|1719|3843|1693|3839,NA,11/24/2009,TRUE,FALSE,FALSE
42700,Call of Duty: Black Ops,Treyarch,Activision,NA,NA,NA,90,NA,NA,NA,39.99,39.99,0,NA,1,19|1663|3843|1685|1742|4345|7481|21|7250|128|1667|1756|1659|3859|1774|4182|5179|3839|1678|4168,NA,11/09/2010,FALSE,FALSE,FALSE
42890,Sword of the Stars Complete Collection,Kerberos Productions Inc.,Paradox Interactive,NA,NA,NA,87,NA,NA,NA,9.99,9.99,0,NA,2,9|1670|1755|3942|1677|4182|3859|1741,NA,06/04/2010,TRUE,FALSE,FALSE
42990,Sword of the Stars II: Enhanced Edition,Kerberos Productions,Paradox Interactive,NA,NA,NA,44,NA,NA,NA,19.99,19.99,0,NA,2,9|1670|4364|1755|3942|4182|3859|1741|3854|1677|1708,NA,10/28/2011,FALSE,FALSE,FALSE
57900,Duke Nukem Forever,Gearbox Software,2K,NA,NA,NA,69,NA,NA,NA,19.99,19.99,75,NA,1,1663|19|5611|4136|4345|5923|1693|21|10397|3916|7250|12095|6650|1774|1673|4182|1719|3859|3839|3942,NA,NA,TRUE,TRUE,FALSE
212480,Sonic & All-Stars Racing Transformed Collection,Sumo Digital,SEGA,NA,NA,NA,93,NA,NA,NA,19.99,19.99,0,NA,9|18,699|7368|7481|5350|3843|4182|1734|4305|19|1685|21|25085|3859|1756|3841|701|10816|1773|4711|4840,NA,01/31/2013,TRUE,FALSE,FALSE
225420,Cities in Motion 2,Colossal Order,Paradox Interactive,NA,NA,NA,57,NA,NA,NA,19.99,19.99,0,NA,28|2,599|9|3859|1685|10383|12472|4328|3810|4695|1643|4182|1616,NA,NA,TRUE,TRUE,TRUE
230330,FINAL FANTASY® XI: Ultimate Collection Seekers Edition NA,Square Enix,Square Enix,NA,NA,NA,88,NA,NA,NA,29.99,29.99,0,NA,29|3,128|122|1754|1684|1742|4434|1756,NA,NA,FALSE,FALSE,FALSE
232890,Stronghold Crusader 2,Firefly Studios,Firefly Studios,NA,NA,NA,72,NA,NA,NA,39.99,39.99,90,NA,28|2,9|4172|8945|4182|4166|3810|1708|19|1695|21|1662|7332|4328|1676|3859|599|3987|1685|1643|1693,NA,09/22/2014,TRUE,FALSE,FALSE
234650,Shadowrun Returns,Harebrained Schemes,Paradox Interactive,NA,NA,NA,88,NA,NA,NA,14.99,14.99,0,NA,25|23|3|2,122|4115|1669|5153|4474|1742|1684|4166|5030|7113|1741|7208|1677|5851|3942|492|9|4182|1708|21,NA,NA,TRUE,TRUE,TRUE
244050,Rise of Flight United,1C Game Studios|777 Studios,FOR-GAMES CR LTD,NA,NA,NA,56,NA,NA,NA,0,0,NA,NA,28|37,599|15045|1678|4168|1774|21978|1685|128|1695|92092|7481|8075|113|5382|3859|3987|4182|19|4175|4150,NA,09/05/2013,TRUE,FALSE,FALSE
246580,The Typing of The Dead: Overkill,Modern Dream,SEGA,NA,NA,NA,87,NA,NA,NA,19.99,19.99,0,NA,1,1674|56690|1667|4182|3839|3859|1685|1774|4345|1663|1756|5611|1659|1719|19|1036|4878|1773|4136|5154,NA,10/29/2013,TRUE,FALSE,FALSE
250900,The Binding of Isaac: Rebirth,"Nicalis, Inc.|Edmund McMillen","Nicalis, Inc.",NA,NA,NA,97,NA,NA,NA,14.99,14.99,0,NA,1,42804|1716|3871|3841|4345|5708|5125|3959|4166|1685|19|1667|492|4711|4026|3964|1720|1756|4182|4342,NA,11/04/2014,TRUE,TRUE,TRUE
253880,Earth 2150 Trilogy,Reality Pump Studios,Topware Interactive|ACE,NA,NA,NA,78,NA,NA,NA,9.99,9.99,0,NA,2,9|1676|3942|1693|1755|7332,NA,NA,TRUE,TRUE,TRUE
257350,Baldur's Gate II: Enhanced Edition,Beamdog,Beamdog,NA,NA,NA,92,NA,NA,NA,19.99,19.99,0,NA,25|3,122|14153|17389|3859|21|4057|3843|5851|4182|4166|4106|3916|4474|1742|1684|10695|1695|7107|4747|6426,NA,11/15/2013,TRUE,TRUE,TRUE
259960,YOU DON'T KNOW JACK Vol. 3,"Jackbox Games, Inc.","Jackbox Games, Inc.",NA,NA,NA,88,NA,NA,NA,2.99,2.99,0,NA,4|23|2,10437|597|492|9|1719|7368|7178,NA,11/05/2013,TRUE,FALSE,FALSE
261920,Catzilla,ALLPlayer Group Ltd.,ALLPlayer Group Ltd.,NA,NA,NA,36,NA,NA,NA,14.99,14.99,0,NA,57,5407|87|17894|8013,NA,02/28/2014,TRUE,FALSE,FALSE
1056640,Phantasy Star Online 2 New Genesis,SEGA,SEGA,NA,NA,NA,69,NA,NA,NA,0,0,NA,NA,1|29|3|37,113|4747|3942|4231|1684|1695|6650|4821|1685|12095|4726|1756|1754|4085|3859|122|19|3843|4434|128,NA,08/05/2020,TRUE,FALSE,FALSE
1262560,Need for Speed™ Most Wanted,Criterion Games,Electronic Arts,NA,NA,NA,77,NA,NA,NA,19.99,19.99,0,NA,1|25|9,699|1695|3839|7481|4182|11104|1697|1685|10816|1756|6378|3841|3859|1644|19|3878|1100687|1773|21|4102,NA,06/18/2020,TRUE,FALSE,FALSE
1372280,MELTY BLOOD: TYPE LUMINA,FRENCH-BREAD|TYPE-MOON|Lasengle Inc.|TAMSOFT CORPORATION|GameLoop Inc.,Lasengle Inc.,NA,NA,NA,88,NA,NA,NA,49.99,49.99,0,NA,1,1743|4736|4777|19|3854|5055|7481|3871|5673|3799|4182|12057|4085|3964|4018|1773|3859|3878|1775|1742,NA,09/30/2021,TRUE,FALSE,FALSE
1810230,The Wheel of Fortune,Takujin soft.,Takujin soft.,NA,NA,NA,92,NA,NA,NA,8.99,8.99,0,NA,25|4|23,4878|4947|9551|3871|5984|4182|1742|9130|1719|4726|12095|6650|6971|492|21|1651|4085|4486|597|4136,NA,12/01/2021,TRUE,TRUE,TRUE
2221490,Tom Clancy's The Division 2,Ubisoft,Ubisoft,NA,NA,NA,79,NA,NA,NA,29.99,29.99,0,NA,1|25|3,353880|1695|1685|3835|4236|4747|6730|128|1662|4168|1775|1742|3859|4182|3814|3843|1774|19|21|122,NA,01/12/2023,TRUE,FALSE,FALSE
2537590,Microsoft Flight Simulator 2024,Asobo Studio,Xbox Game Studios,NA,NA,NA,55,NA,NA,NA,69.99,69.99,20,NA,28,599|15045|5350|1695|30358|1654|6869|9204|3968|4747|4305|1721|4175|21978|3859|1220528|4182|4166|3834|3810,NA,11/19/2024,TRUE,FALSE,FALSE
2838360,SINce Memories: Off The Starry Sky,MAGES. Inc.,PQube,NA,NA,NA,81,NA,NA,NA,39.99,39.99,0,NA,1|25|4,19|21|1719|4136|12472|6426|6971|8945|1742|3799|4182|597|4106|11014|4486|16689|3871|4085|4726,NA,10/23/2024,TRUE,FALSE,FALSE
3910,Sid Meier's Civilization III: Complete,Firaxis Games,2K,NA,NA,NA,89,NA,NA,NA,4.99,4.99,0,NA,2,9|1741|599|4168|3834|4190|4328|3916|1678|6310|5851|4598|1677|1693|1670|3987|4182|3859|4711|4364,NA,10/25/2006,FALSE,FALSE,FALSE
3920,Sid Meier's Pirates!,Firaxis Games,2K,NA,NA,NA,94,NA,NA,NA,9.99,9.99,0,NA,3,1681|1695|1693|4695|5708|3834|19|4202|4994|4486|4166|1743|122|21|4182|6910|13577|3810|3987|9,NA,10/25/2006,FALSE,FALSE,FALSE
8870,BioShock Infinite,Irrational Games|Virtual Programming (Linux),2K,NA,NA,NA,93,NA,NA,NA,29.99,29.99,0,NA,1,19|1774|4166|4345|4598|5030|1777|3934|10679|7250|3993|4342|3839|1663|122|4182|1684|21|1742|3942,NA,03/26/2013,TRUE,TRUE,TRUE
10090,Call of Duty: World at War,Treyarch,Activision,NA,NA,NA,92,NA,NA,NA,19.99,19.99,0,NA,1,1659|4150|1678|3843|4345|3987|1693|1662|1756|1667|13276|21|1663|3859|19|1774|4182|1685|3839|1669,NA,11/18/2008,FALSE,FALSE,FALSE
22320,The Elder Scrolls III: Morrowind,Bethesda Game Studios,Bethesda Softworks,NA,NA,NA,95,NA,NA,NA,14.99,14.99,0,NA,3,122|1695|4166|4057|3834|1742|3810|4747|4231|4172|19|1697|1684|1693|1756|1669|4182|3839|21|7782,NA,06/16/2009,FALSE,FALSE,FALSE
23420,Europa Universalis: Rome - Gold Edition,Paradox Development Studio,Paradox Interactive,NA,NA,NA,67,NA,NA,NA,9.99,9.99,0,NA,2,9|4364|3987|6948|7107|599|1676,NA,12/18/2008,FALSE,FALSE,FALSE
25930,East India Company,Nitro Games,Nitro Games,NA,NA,NA,52,NA,NA,NA,9.99,9.99,0,NA,2,4202|4845|4364|12472|599|4994|4328|3834|13577|1681|1708|21|26921|3987|4695|4853|1676|6310|9|4172,NA,07/31/2009,TRUE,FALSE,FALSE
33720,Paws & Claws: Pet Vet,dtp – young entertainment Gmbh &amp; Co. KG,Cosmi Valusoft,NA,NA,NA,94,NA,NA,NA,6.99,6.99,60,NA,4|28,599|597,NA,NA,FALSE,FALSE,FALSE
37240,Diner Dash: Hometown Hero,PlayFirst,PlayFirst,NA,NA,NA,38,NA,NA,NA,9.99,9.99,0,NA,33|28,599|16689|3920|597,NA,08/12/2009,TRUE,TRUE,FALSE
39500,Gothic 3,Piranha Bytes,THQ Nordic,NA,NA,NA,81,NA,NA,NA,19.99,19.99,0,NA,1|3,122|1695|1756|1742|4057|4231|1693|3810|3839|4604|3834|4711|1684|19|4182|1697|4166|4172|3952|21,NA,NA,TRUE,FALSE,FALSE
205710,EverQuest Free-to-Play,Darkpaw Games,Daybreak Game Company,NA,NA,NA,78,NA,NA,NA,0,0,NA,NA,29|3|37,113|122|19|3810|1695|102530|128|1754|1684|1693|3916|7918|21|3859,NA,12/13/2012,TRUE,FALSE,FALSE
206480,Dungeons & Dragons Online®,Standing Stone Games,Daybreak Game Company LLC,NA,NA,NA,71,NA,NA,NA,0,0,NA,NA,1|25|29|3|37,113|14153|1695|4057|4747|1685|1720|1697|7918|1664|3843|3810|122|1754|128|1684|21|3859|19|4046,NA,06/25/2012,TRUE,FALSE,FALSE
207790,Jane's Advanced Strike Fighters,Trickstar Games,Deep Silver,NA,NA,NA,35,NA,NA,NA,9.99,9.99,0,NA,28,599|1773|15045,NA,03/09/2012,FALSE,FALSE,FALSE
236690,Blood Bowl 2,Cyanide Studios,Nacon,NA,NA,NA,78,NA,NA,NA,29.99,29.99,90,NA,18|2,9|3859|4136|4604|19|14139|4345|4667|5310|701|1254552|5923|1684|1770|4182|1677|1741|1708|122|1775,NA,09/22/2015,TRUE,TRUE,FALSE
244450,Men of War: Assault Squad 2,Digitalmindsoft,Fulqrum Publishing,NA,NA,NA,91,NA,NA,NA,29.99,29.99,0,NA,1|28|2,9|4150|13276|4175|1685|3987|4182|5363|4166|4026|1693|21|1678|1676|599|19|1708|4168|3859|3813,NA,05/15/2014,TRUE,FALSE,FALSE
287900,Pro Pinball Ultra,Barnstorm Games,Barnstorm Games,NA,NA,NA,82,NA,NA,NA,14.99,14.99,0,NA,28,599|6621|1773,NA,07/21/2016,TRUE,TRUE,TRUE
321800,Icewind Dale: Enhanced Edition,Beamdog,Beamdog,NA,NA,NA,89,NA,NA,NA,19.99,19.99,0,NA,25|3,122|14153|1685|3859|4057|4004|4106|5851|1695|3916|7107|1742|4474|1684|10695|21|4747|4182|17389|1720,NA,10/30/2014,TRUE,TRUE,TRUE
321960,Might & Magic Heroes VII,Limbic Entertainment,Ubisoft,NA,NA,NA,54,NA,NA,NA,29.99,29.99,75,NA,3|2,9|1741|1685|1693|4057|1695|3841|122|1684|3859|1677|4182|1742|21|4166,NA,09/29/2015,TRUE,FALSE,FALSE
335320,Bet On Soldier,Kylotonn,Microids,NA,NA,NA,69,NA,NA,NA,7.99,7.99,0,NA,1,19|1663|1774|3839|4182,NA,12/05/2014,TRUE,FALSE,FALSE
385390,Hidden Mysteries: Civil War,Gunnar Games,GameMill Entertainment,NA,NA,NA,41,NA,NA,NA,4.99,4.99,0,NA,4,597|1738,NA,08/11/2015,TRUE,FALSE,FALSE
480650,Yu-Gi-Oh! Legacy of the Duelist,Other Ocean Interactive,KONAMI,NA,NA,NA,83,NA,NA,NA,19.99,19.99,0,NA,28,1666|791774|19|597|1677|32322|4085|599|9271|3859|9|4182|1684,NA,12/07/2016,TRUE,FALSE,FALSE
588650,Dead Cells,Motion Twin,Motion Twin,NA,NA,NA,97,NA,NA,NA,24.99,24.99,50,NA,1|25|23,21|1716|4711|1625|4182|922563|19|4604|4166|5125|4136|492|1628|42804|3964|3871|29482|3959|4026|1646,NA,08/06/2018,TRUE,TRUE,TRUE
600750,Star Trek Timelines,Tilting Point,Tilting Point,NA,NA,NA,65,NA,NA,NA,0,0,NA,NA,25|3|2|37,113|9|1755|21|122|3942|3859|4182|19|597,NA,07/12/2017,TRUE,FALSE,FALSE
812140,Assassin's Creed Odyssey,Ubisoft Quebec|Ubisoft Montreal|Ubisoft Bucharest|Ubisoft Singapore|Ubisoft Montpellier|Ubisoft Kiev|Ubisoft Shanghai,Ubisoft,NA,NA,NA,88,NA,NA,NA,59.99,59.99,0,NA,1|25|3,1695|122|6971|1742|7208|4036|6426|3834|4231|4106|3859|4486|4182|3987|19|4376|1697|21|16094|1687,NA,10/05/2018,TRUE,FALSE,FALSE
995240,RemiLore: Lost Girl in the Lands of Lore,Pixellore Inc|REMIMORY,"Nicalis, Inc.",NA,NA,NA,56,NA,NA,NA,39.99,39.99,0,NA,1,19|42804|4085|3959|1646|7208|4726,NA,09/04/2019,TRUE,FALSE,FALSE
1091980,The Bard's Tale IV: Director's Cut,inXile Entertainment,inXile Entertainment|Xbox Game Studios,NA,NA,NA,77,NA,NA,NA,34.99,34.99,80,NA,3,122|1677|4747|1720|10695|3839|1664|1684|4474|4182|4325,NA,08/27/2019,TRUE,TRUE,TRUE
1110100,Power Rangers: Battle for the Grid,"nWay, INC","nWay, INC",NA,NA,NA,80,NA,NA,NA,19.99,19.99,0,NA,1,19|1743|4736|3859|4182|1671,NA,09/24/2019,TRUE,FALSE,FALSE
1158310,Crusader Kings III,Paradox Development Studio,Paradox Interactive,NA,NA,NA,89,NA,NA,NA,49.99,49.99,0,NA,3|28|2,9|4172|6426|1676|1678|4182|4695|4853|1669|3859|1670|7107|4364|599|122|3987|12472|4747|10235|3810,NA,09/01/2020,TRUE,TRUE,TRUE
1178880,Panzer Dragoon: Remake,MegaPixel Studio S. A.,Forever Entertainment S. A.,NA,NA,NA,79,NA,NA,NA,24.99,24.99,0,NA,1|25|4,19|21|4255|1773|4234|597|56690|5708|4046|1693|4182|1684|1756,NA,09/25/2020,TRUE,FALSE,FALSE
1196590,Resident Evil Village,"CAPCOM Co., Ltd.","CAPCOM Co., Ltd.",NA,NA,NA,95,NA,NA,NA,39.99,39.99,0,NA,1,3978|1667|21978|4166|4667|1721|4342|1662|21|3859|1695|6650|3839|4182|19|12095|1659|4345|1742|1663,NA,05/07/2021,TRUE,FALSE,FALSE
1286830,STAR WARS™: The Old Republic™,Broadsword,Electronic Arts,NA,NA,NA,89,NA,NA,NA,0,0,NA,NA,29|3|37,113|1754|21|1755|19|1697|1775|4166|4231|7481|10695|1756|3859|4747|1695|122|1742|6426|128|3942,NA,07/21/2020,TRUE,FALSE,FALSE
1367320,Close Combat: Cross of Iron,Strategy 3 Tactics,Matrix Games,NA,NA,NA,81,NA,NA,NA,39.99,39.99,80,NA,28|2,599|9|1775|7926|3859|4182|3993|1676|3813|1743|4150|4684|3871|4168|1708,NA,07/23/2020,TRUE,FALSE,FALSE
1510460,Chicken Invaders Universe,InterAction studios,InterAction studios,NA,NA,NA,91,NA,NA,NA,0,0,NA,NA,1|4|23|29|37,1774|4255|4878|4195|4726|1719|4791|4295|4004|3942|1673|3993|4637|19|5350|3916|597|1755|1773|3871,NA,12/15/2022,TRUE,FALSE,FALSE
1643320,S.T.A.L.K.E.R. 2: Heart of Chornobyl,GSC Game World,GSC Game World (worldwide)|SEGA (Japan)|4Divinity (China and South East Asia),NA,NA,NA,79,NA,NA,NA,59.99,59.99,0,NA,1|25|3,1695|1663|3839|19|3854|3942|6869|6971|4175|6426|9204|4145|3835|1662|4166|4182|1774|3834|122|1742,NA,11/20/2024,TRUE,FALSE,FALSE
1784570,Trainz Railroad Simulator 2022,N3V Games,N3V Games,NA,NA,NA,75,NA,NA,NA,39.99,39.99,0,NA,28,599|1616|1654|3968|3987|12057|4182|4191|1697|1669|8945|1685|8122|3859|3810|1644|1695|4175|10383|1643,NA,05/31/2022,TRUE,TRUE,FALSE
1904560,Dungeons & Dragons: Ravenloft Series,DreamForge Intertainment,SNEG,NA,NA,NA,86,NA,NA,NA,9.99,9.99,0,NA,1|3,122|19|4182|10695|3839|1684|6691|3993|14153|3916|4004,NA,03/29/2022,TRUE,FALSE,FALSE
2379390,Tom Clancy’s Rainbow Six Extraction,Ubisoft Montreal,Ubisoft,NA,NA,NA,65,NA,NA,NA,39.99,39.99,0,NA,1,1663|19|9541|3942|1687|1685|1199779|1673|4182|3859|4667|1659|3843|6730|1774|3839|5711|5765|4175|4168,NA,06/15/2023,TRUE,FALSE,FALSE
2395210,Tony Hawk's™ Pro Skater™ 1 + 2,Vicarious Visions|Iron Galaxy Studios,Activision,NA,NA,NA,90,NA,NA,NA,39.99,39.99,0,NA,18,701|1753|5708|1621|1756|1693|10816|1695|3859|4182|1773|1685|4747|1697|4191|7948,NA,10/03/2023,TRUE,FALSE,FALSE
2552560,Panzer Commander,Fancing Game Studio,Fancing Game Studio,NA,NA,NA,100,NA,NA,NA,6.99,6.99,0,NA,23|28|2,14139|9|4150|4168|1708|1717|1678|3993|4182|4726|492|599|1741|17389|1770|4191|3987|13276|1742|4325,NA,09/30/2024,TRUE,FALSE,FALSE
2591710,Pirates of the Caribbean: Tides of War,NDREAM,JOYCITY,NA,NA,NA,NA,NA,NA,NA,0,0,NA,NA,25|29|3|28|2|37,9|113|6910|6310|122|1676|3813|1775|6730|4695|21|599|128|1681|4328|7332|13577|4994|4364|17305,NA,NA,TRUE,FALSE,FALSE
32470,STAR WARS™ Empire at War: Gold Pack,Petroglyph,LucasArts|Lucasfilm|Disney,NA,NA,NA,97,NA,NA,NA,19.99,19.99,0,NA,2,9|1676|19|1693|4364|1756|599|1670|1685|21|4166|3965|1755|3942|3859|4182|1669|5348|1708|1678,NA,05/26/2010,TRUE,FALSE,FALSE
613880,Zoo Tycoon,Frontier Developments|Asobo Studio,Xbox Game Studios,NA,NA,NA,63,NA,NA,NA,19.99,19.99,70,NA,28,599|12472|3859|3810|4182|5350|1643|4328,NA,09/14/2018,TRUE,FALSE,FALSE
2738630,Dungeons & Dragons Neverwinter Nights 2: Enhanced Edition,Aspyr Media,Aspyr Media,NA,NA,NA,47,NA,NA,NA,29.99,29.99,0,NA,1|25|3,122|14153|1742|3993|4182|21|4057|19|4305|1697|3854|4172|10695|4747|1684|4231|3843|4106|1720|4191,NA,07/15/2025,TRUE,FALSE,FALSE
2141910,Magic: The Gathering Arena,Wizards of the Coast LLC,Wizards of the Coast LLC,NA,NA,NA,61,NA,NA,NA,0,0,NA,NA,2|37,9|1666|5055|1708|16250|791774|1677|44868|113|9271|32322|1775|3859|1741|1684|4057,NA,05/23/2023,TRUE,TRUE,FALSE
22370,Fallout 3 - Game of the Year Edition,Bethesda Game Studios,Bethesda Softworks,NA,NA,NA,81,NA,NA,NA,19.99,19.99,0,NA,3,1695|122|3834|4711|4166|3810|1697|1742|1774|4231|7782|1756|3835|4182|1669|3839|3942|1663|21|19,NA,12/17/2009,FALSE,FALSE,FALSE
201230,EverQuest II,Darkpaw Games,Daybreak Game Company,NA,NA,NA,79,NA,NA,NA,0,0,NA,NA,29|3|37,113|128|19|4747|7918|4182|1693|3810|1697|3839|4046|122|1754|1684|1702|1695|21|3859|3834,NA,12/07/2011,TRUE,FALSE,FALSE
4045750,Out of the Park Baseball 27,Out of the Park Developments,Out of the Park Developments,NA,NA,NA,79,NA,NA,NA,49.99,49.99,0,NA,23|28|18|2,599|701|3987|492|1775|6426|8945|4202|3859|4182|3878|5350|9|3810|9271|5727|3871|4191|12472|13190,NA,03/13/2026,TRUE,TRUE,FALSE
8500,EVE Online,CCP,CCP,NA,NA,NA,73,NA,NA,NA,0,0,NA,NA,1|29|3|2|37,16598|3834|1685|6730|1697|5981|3854|4747|3942|4695|9|1775|21|1695|4026|599|4202|1755|3810|128,NA,12/16/2010,TRUE,TRUE,FALSE
1747560,Chronicles of 2 Heroes: Amaterasu's Wrath,Infinity Experience,Infinity Experience,NA,NA,NA,78,NA,NA,NA,19.99,19.99,0,NA,1|25|23,4004|1625|3798|3854|16094|3877|5379|5153|19|21|4106|7208|3964|1628|3871|492|1688|4026|7948|4182,NA,05/26/2023,TRUE,FALSE,FALSE
3020340,The History Channel: Battle of Britain - World War II 1940,iEntertainment,MicroProse Software,NA,NA,NA,NA,NA,NA,NA,8.99,8.99,0,NA,1|28|2,19|599|11104|4182|9|15045|4684|4191|1697|1678|3993|7481,NA,09/15/2025,TRUE,FALSE,FALSE
130,Half-Life: Blue Shift,Gearbox Software,Valve,NA,NA,NA,92,NA,NA,NA,4.99,4.99,0,NA,1,1663|19|6691|4234|4166|15954|1742|1664|4004|1669|1756|4667|3942|4182|1774|1673|1693|3839|1659|21,NA,06/01/2001,TRUE,TRUE,TRUE
9180,Commander Keen Complete Pack,id Software,id Software,NA,NA,NA,93,NA,NA,NA,4.99,4.99,0,NA,1,1625|1693|3798|21|14720|3964|6691|3871|19|4004|3916|4182|3942|5350,NA,08/03/2007,FALSE,FALSE,FALSE
595520,FINAL FANTASY XII THE ZODIAC AGE,Square Enix,Square Enix,NA,NA,NA,89,NA,NA,NA,49.99,49.99,0,NA,3,122|4434|10695|7107|1697|19|4085|9|1677|5708|4166|7208|1684|4182|1742|1756|1695|21|3834|1693,NA,02/01/2018,TRUE,FALSE,FALSE
15160,Petz Horsez 2,Ubisoft,Ubisoft,NA,NA,NA,75,NA,NA,NA,9.99,9.99,0,NA,28|33,599|6041|5350,NA,06/13/2008,FALSE,FALSE,FALSE
359550,Tom Clancy's Rainbow Six Siege,Ubisoft Montreal,Ubisoft,NA,NA,NA,82,NA,NA,NA,0,0,NA,NA,1|37,1663|1775|5711|4168|9|3839|1685|4175|5363|1678|4026|4191|3859|1774|1708|5055|3878|3843|19|620519,NA,12/01/2015,TRUE,FALSE,FALSE
2142140,Fritz&Chesster - Learn to Play Chess,ChessBase GmbH,ChessBase GmbH,NA,NA,NA,60,NA,NA,NA,29.99,29.99,0,NA,25|2,21|9|1770|1036|5350|4182|3859|5379|3871,NA,05/11/2023,TRUE,TRUE,TRUE
2241880,Gunslinger,RayTrace Interactive,RayTrace Interactive,NA,NA,NA,NA,NA,NA,NA,1.99,1.99,0,NA,1|25|23|70,19|21|4637|4191|4562|4252|4791|4295|4168|3942|1678|3993|42804|4106|4158|1716|1774|5547|4885|4255,NA,12/29/2022,TRUE,FALSE,FALSE
50,Half-Life: Opposing Force,Gearbox Software,Valve,NA,NA,NA,95,NA,NA,NA,4.99,4.99,0,NA,1,1663|19|4168|4166|1742|15954|1756|4345|1664|4004|1669|1685|1693|3942|4182|1774|3839|1673|6691|21,NA,11/01/1999,TRUE,TRUE,TRUE
15170,Heroes of Might & Magic V,Nival,Ubisoft,NA,NA,NA,88,NA,NA,NA,9.99,9.99,0,NA,2,9|1741|4057|1742|21|7332|1685|1756|4166|4325|7208|4711|1684|1677|122|1708|3859|1693|4182|7368,NA,05/13/2008,TRUE,FALSE,FALSE
202200,Galactic Civilizations II: Ultimate Edition,Stardock Entertainment,Stardock Entertainment,NA,NA,NA,76,NA,NA,NA,9.99,9.99,0,NA,23|2,1670|4364|6310|1643|12472|1669|1755|7926|1678|1673|4295|3993|1677|1741|4191|9|4791|7332|3810|3942,NA,12/02/2011,TRUE,FALSE,FALSE
297000,Heroes of Might & Magic III - HD Edition,Dotemu,Ubisoft Entertainment,NA,NA,NA,79,NA,NA,NA,14.99,14.99,0,NA,3|2,9|1741|1685|5708|21|4711|7368|4004|4057|3841|14720|19|1693|3859|1684|122|1756|1677|4166|4182,NA,01/29/2015,TRUE,FALSE,FALSE
307960,IL-2 Sturmovik: Battle of Stalingrad,1C Game Studios,FOR-GAMES CR LTD,NA,NA,NA,79,NA,NA,NA,49.99,49.99,0,NA,1|28,15045|4175|3859|4166|7481|13276|4684|8075|4168|1775|1697|19|599|21978|92092|4150|1678|3987|3839|4182,NA,10/22/2014,TRUE,FALSE,FALSE
434050,Duke Nukem 3D: 20th Anniversary World Tour,"Nerve Software, Gearbox Software, LLC",Gearbox Publishing,NA,NA,NA,84,NA,NA,NA,19.99,19.99,90,NA,1|25,1663|1693|21|4136|6650|3859|1673|1719|1756|1685|5708|10397|19|4345|6691|3839|4004|1774|1023537|4182,NA,10/11/2016,TRUE,FALSE,FALSE
704450,Neverwinter Nights: Enhanced Edition,Beamdog,Beamdog,NA,NA,NA,90,NA,NA,NA,19.99,19.99,0,NA,3,122|14153|1669|3843|1685|4004|4166|4231|7208|19|4182|4106|1684|4474|4747|3859|7107|1742|21|4057,NA,03/27/2018,TRUE,TRUE,TRUE
1249970,Test Drive Unlimited Solar Crown,KT Racing,Nacon,NA,NA,NA,36,NA,NA,NA,49.99,49.99,0,NA,29|9|28,699|1695|599|1697|1100687|128|4182|4252|16250|1773|4747|3843|1644|3834|3859|4175|5411|4191|5673|3839,NA,09/12/2024,TRUE,FALSE,FALSE
1250410,Microsoft Flight Simulator (2020),Asobo Studio,Xbox Game Studios,NA,NA,NA,78,NA,NA,NA,59.99,59.99,65,NA,28,599|15045|21|5350|4305|5411|8075|1710|7481|3965|4234|9130|4175|1695|3859|21978|4182|4161|3968|4166,NA,08/18/2020,TRUE,FALSE,FALSE
1402320,Medal of Honor™: Above and Beyond,Respawn Entertainment,Electronic Arts,NA,NA,NA,63,NA,NA,NA,39.99,39.99,0,NA,1,21978|19|1695|4667|4231|42804|1663|1774|3987|4168|7481|12095|4150|4182|3839|4684|1678|3859|4106|4345,NA,12/11/2020,TRUE,FALSE,FALSE
1517290,Battlefield™ 2042,DICE,Electronic Arts,NA,NA,NA,47,NA,NA,NA,59.99,59.99,0,NA,1|25|4,1663|3859|1775|4295|11104|5673|5363|3968|4145|21|620519|597|1774|4168|4182|1678|19|3839|3993|5711,NA,11/19/2021,TRUE,FALSE,FALSE
2068100,Ultimate Fishing® Online,Pancake Games,Ultimate Games S.A.,NA,NA,NA,NA,NA,NA,NA,0,0,NA,NA,25|4|29|28|18|37,113|21|4191|3834|5350|3839|9204|10235|30358|1697|128|597|15564|599|701|1775|3859|3843|4182,NA,NA,TRUE,FALSE,FALSE
25808,Europa Universalis III: Divine Wind,Paradox Development Studio,Paradox Interactive,NA,NA,NA,80,NA,NA,NA,9.99,9.99,0,NA,2,9|4364|1676|3987,NA,NA,FALSE,FALSE,FALSE
212500,The Lord of the Rings Online™,Standing Stone Games,Daybreak Game Company LLC,NA,NA,NA,81,NA,NA,NA,0,0,NA,NA,1|25|29|3|37,113|1754|3834|19|1742|3843|1685|1662|1697|4182|1775|4604|1695|128|1684|122|21|3859|4747|3796,NA,06/06/2012,TRUE,FALSE,FALSE
273580,Descent 2,Parallax,Interplay Inc.,NA,NA,NA,92,NA,NA,NA,19.99,19.99,0,NA,1,19|1693|4182|6691|3859|1756|21|15045|4835|1663|3916|1774|3942|4004|1755|3839,NA,02/19/2014,TRUE,TRUE,TRUE
298030,Total Annihilation,Cavedog Entertainment,Wargaming.net,NA,NA,NA,96,NA,NA,NA,4.99,4.99,0,NA,2,9|1676|6691|7332|4791|19|1685|14720|1693|1756|3942|3859|4182|5752|4004|4166,NA,12/18/2015,TRUE,FALSE,FALSE
311210,Call of Duty: Black Ops III,Treyarch|Aspyr (Mac),Activision|Aspyr (Mac),NA,NA,NA,84,NA,NA,NA,59.99,59.99,0,NA,1|25,3859|1659|620519|5752|3942|4345|1756|1742|4166|4036|4559|10816|1663|1774|19|3839|4182|1685|4295|7478,NA,11/06/2015,TRUE,TRUE,FALSE
325610,Total War: ATTILA,CREATIVE ASSEMBLY,SEGA,NA,NA,NA,82,NA,NA,NA,44.99,44.99,80,NA,2,9|3987|3813|4172|1685|4166|19|1677|599|1662|1695|21|1678|1741|4364|1676|1708|6948|3859|4182,NA,02/17/2015,TRUE,TRUE,TRUE
345240,SHOGUN: Total War™ - Collection,CREATIVE ASSEMBLY,SEGA,NA,NA,NA,88,NA,NA,NA,9.99,9.99,80,NA,1|2,9|19|3987|1693|1741|4182|4364|1678|1676|3859,NA,06/25/2015,TRUE,FALSE,FALSE
364810,Star Trek™: Starfleet Academy,Interplay Entertainment Corp.,Interplay Entertainment Corp.,NA,NA,NA,83,NA,NA,NA,19.99,19.99,0,NA,1|25|28,599|16598|4182|1774|4295|1663|4191|4175|6691|4166|3859|5230|19|21|3942|1755|18594|3993|15045|1685,NA,05/08/2015,TRUE,FALSE,FALSE
364820,Star Trek: Starfleet Command Gold Edition,Interplay Entertainment Corp.,Interplay Entertainment Corp.,NA,NA,NA,59,NA,NA,NA,19.99,19.99,0,NA,1|28|2,9|599|3916|3859|4182|17389|5851|5230|5348|5708|21978|19|1755|3942|3813|4161|16598|8013|13070,NA,11/22/2016,TRUE,FALSE,FALSE
396280,Anarchy Online,Funcom,Funcom,NA,NA,NA,82,NA,NA,NA,0,0,NA,NA,1|25|37|29|3|2,113|128|4115|4295|4747|1685|4166|1702|122|3942|1754|21|19|1695|9|3859,NA,02/22/2017,TRUE,FALSE,FALSE
611670,The Elder Scrolls V: Skyrim VR,Bethesda Game Studios,Bethesda Softworks,NA,NA,NA,74,NA,NA,NA,59.99,59.99,0,NA,3,1695|122|10397|1669|4747|3834|1756|1742|12095|4166|1687|5900|21978|4182|21|1684|4057|3839|19|4046,NA,04/02/2018,TRUE,FALSE,FALSE
1003400,The Lord of the Rings: Journeys in Middle-earth,Fantasy Flight Games,Fantasy Flight Games,NA,NA,NA,91,NA,NA,NA,0,0,NA,NA,25|3|2,21|122|9|1770|113|1684|3859,NA,04/18/2019,TRUE,TRUE,FALSE
1222670,The Sims™ 4,Maxis,Electronic Arts,NA,NA,NA,86,NA,NA,NA,0,0,NA,NA,25|4|28|37,10235|113|597|4175|4136|5350|4726|9204|1684|21|4195|6650|4747|1643|599|4947|4182|3810|9551|1654,NA,06/18/2020,TRUE,FALSE,FALSE
3314070,The Sims™ 2 Legacy Collection,MAXIS,Electronic Arts,NA,NA,NA,70,NA,NA,NA,29.99,29.99,0,NA,28,3810|10235|597|1693|4195|4305|4190|4004|7782|3916|4711|122|1643|599|4747|12472|9204|4166|4182|1742,NA,01/31/2025,TRUE,FALSE,FALSE
47890,The Sims™ 3,The Sims Studio|Maxis,Electronic Arts,NA,NA,NA,86,NA,NA,NA,19.99,19.99,0,NA,28,10235|599|122|5350|1719|21|4711|3859|6650|1756|9|19|4747|1643|3810|4182|597|4136|1669|4947,NA,NA,FALSE,FALSE,FALSE
893650,CSI VR Crime Scene Investigation,GES_Games,GES_Games,NA,NA,NA,27,NA,NA,NA,4.99,4.99,0,NA,1|25|23|28|2|70,21|599|19|9|493|4345|4667|492|21978,NA,09/05/2018,TRUE,FALSE,FALSE
238370,Magicka 2,Pieces Interactive,Paradox Interactive,NA,NA,NA,82,NA,NA,NA,14.99,14.99,0,NA,1|25,4057|1685|5711|4166|1775|1684|7368|1695|4182|4345|10397|4840|21|3859|1719|19|3843|4136|3841|122,NA,05/26/2015,TRUE,TRUE,TRUE
765870,Leisure Suit Larry - Wet Dreams Don't Dry,CrazyBunch,Assemble Entertainment,NA,NA,NA,86,NA,NA,NA,29.99,29.99,95,NA,25,21|1698|5230|44868|5611|4305|597|6650|492|24904|1693|1756|1719|12095|1664|4004|3871|4195|1742|4182,NA,11/07/2018,TRUE,TRUE,FALSE
261030,The Walking Dead: Season Two,Telltale Games,Skybound Games,NA,NA,NA,96,NA,NA,NA,14.99,14.99,0,NA,25,1659|21|4486|1667|1751|5608|5611|1662|3835|4145|19|4345|1742|4242|1698|4182|7208|5984|6426|4166,NA,12/17/2013,TRUE,TRUE,FALSE
2631010,Fairyland Solitaire,The Revills Games,The Revills Games,NA,NA,NA,NA,NA,NA,NA,9.99,9.99,0,NA,4,597|1666|4182|8093|13070|1738|1665|3871|4305|1684|4057|7208,NA,10/20/2023,TRUE,FALSE,FALSE
3240220,Grand Theft Auto V Enhanced,Rockstar North,Rockstar Games,NA,NA,NA,81,NA,NA,NA,29.99,29.99,0,NA,1|25|9,1695|19|1100687|699|3814|3810|4136|1669|4166|1685|1775|1719|12095|3859|6378|5611|1774|1697|3839|21,NA,03/04/2025,TRUE,FALSE,FALSE
47810,Dragon Age: Origins - Ultimate Edition,BioWare,Electronic Arts,NA,NA,NA,85,NA,NA,NA,29.99,29.99,0,NA,3,122|1684|4604|6971|8461|9|4046|7208|1693|1695|1708|1669|1742|6426|4182|10695|7107|4747|5611|21,NA,NA,TRUE,FALSE,FALSE
1449280,Ghostbusters: The Video Game Remastered,Saber Interactive,"Mad Dog Games, LLC",NA,NA,NA,90,NA,NA,NA,24.99,24.99,80,NA,1,3814|19|7250|6691|5363|3859|1667|1685|5708|3965|1774|4106|1697|3942|1719|5765|4182|10808,NA,11/17/2020,TRUE,FALSE,FALSE
1238820,NA,NA,NA,NA,NA,NA,NA,NA,NA,NA,39.99,39.99,0,NA,NA,NA,NA,NA,NA,NA,NA
3595230,NA,NA,NA,NA,NA,NA,NA,NA,NA,NA,69.99,69.99,0,NA,NA,NA,NA,NA,NA,NA,NA
8930,NA,NA,NA,NA,NA,NA,NA,NA,NA,NA,29.99,29.99,0,NA,NA,NA,NA,NA,NA,NA,NA
202970,NA,NA,NA,NA,NA,NA,NA,NA,NA,NA,59.99,59.99,0,NA,NA,NA,NA,NA,NA,NA,NA
39210,NA,NA,NA,NA,NA,NA,NA,NA,NA,NA,19.99,19.99,0,NA,NA,NA,NA,NA,NA,NA,NA
48240,NA,NA,NA,NA,NA,NA,NA,NA,NA,NA,19.99,19.99,0,NA,NA,NA,NA,NA,NA,NA,NA
24780,NA,NA,NA,NA,NA,NA,NA,NA,NA,NA,19.99,19.99,0,NA,NA,NA,NA,NA,NA,NA,NA
1238860,NA,NA,NA,NA,NA,NA,NA,NA,NA,NA,39.99,39.99,0,NA,NA,NA,NA,NA,NA,NA,NA
377160,NA,NA,NA,NA,NA,NA,NA,NA,NA,NA,19.99,19.99,0,NA,NA,NA,NA,NA,NA,NA,NA
22380,NA,NA,NA,NA,NA,NA,NA,NA,NA,NA,9.99,9.99,0,NA,NA,NA,NA,NA,NA,NA,NA
220260,NA,NA,NA,NA,NA,NA,NA,NA,NA,NA,14.99,14.99,0,NA,NA,NA,NA,NA,NA,NA,NA
220240,NA,NA,NA,NA,NA,NA,NA,NA,NA,NA,19.99,19.99,0,NA,NA,NA,NA,NA,NA,NA,NA
1238020,NA,NA,NA,NA,NA,NA,NA,NA,NA,NA,29.99,29.99,0,NA,NA,NA,NA,NA,NA,NA,NA
20920,NA,NA,NA,NA,NA,NA,NA,NA,NA,NA,19.99,19.99,0,NA,NA,NA,NA,NA,NA,NA,NA
49520,NA,NA,NA,NA,NA,NA,NA,NA,NA,NA,19.99,19.99,75,NA,NA,NA,NA,NA,NA,NA,NA
1238840,NA,NA,NA,NA,NA,NA,NA,NA,NA,NA,39.99,39.99,0,NA,NA,NA,NA,NA,NA,NA,NA
620,NA,NA,NA,NA,NA,NA,NA,NA,NA,NA,9.99,9.99,0,NA,NA,NA,NA,NA,NA,NA,NA
201870,NA,NA,NA,NA,NA,NA,NA,NA,NA,NA,19.99,19.99,0,NA,NA,NA,NA,NA,NA,NA,NA
594570,NA,NA,NA,NA,NA,NA,NA,NA,NA,NA,59.99,59.99,75,NA,NA,NA,NA,NA,NA,NA,NA
2096600,NA,NA,NA,NA,NA,NA,NA,NA,NA,NA,29.99,29.99,0,NA,NA,NA,NA,NA,NA,NA,NA
2630,NA,NA,NA,NA,NA,NA,NA,NA,NA,NA,19.99,19.99,0,NA,NA,NA,NA,NA,NA,NA,NA
1222690,NA,NA,NA,NA,NA,NA,NA,NA,NA,NA,39.99,39.99,0,NA,NA,NA,NA,NA,NA,NA,NA
200510,NA,NA,NA,NA,NA,NA,NA,NA,NA,NA,14.99,14.99,0,NA,NA,NA,NA,NA,NA,NA,NA
1238880,NA,NA,NA,NA,NA,NA,NA,NA,NA,NA,39.99,39.99,0,NA,NA,NA,NA,NA,NA,NA,NA
221680,NA,NA,NA,NA,NA,NA,NA,NA,NA,NA,9.99,9.99,0,NA,NA,NA,NA,NA,NA,NA,NA
242050,NA,NA,NA,NA,NA,NA,NA,NA,NA,NA,39.99,39.99,0,NA,NA,NA,NA,NA,NA,NA,NA
292030,NA,NA,NA,NA,NA,NA,NA,NA,NA,NA,39.99,39.99,0,NA,NA,NA,NA,NA,NA,NA,NA
2009780,NA,NA,NA,NA,NA,NA,NA,NA,NA,NA,34.99,34.99,0,NA,NA,NA,NA,NA,NA,NA,NA
2096610,NA,NA,NA,NA,NA,NA,NA,NA,NA,NA,29.99,29.99,0,NA,NA,NA,NA,NA,NA,NA,NA
1238040,NA,NA,NA,NA,NA,NA,NA,NA,NA,NA,29.99,29.99,0,NA,NA,NA,NA,NA,NA,NA,NA
298110,NA,NA,NA,NA,NA,NA,NA,NA,NA,NA,29.99,29.99,0,NA,NA,NA,NA,NA,NA,NA,NA
48190,NA,NA,NA,NA,NA,NA,NA,NA,NA,NA,19.99,19.99,0,NA,NA,NA,NA,NA,NA,NA,NA
34330,NA,NA,NA,NA,NA,NA,NA,NA,NA,NA,29.99,29.99,80,NA,NA,NA,NA,NA,NA,NA,NA
238010,NA,NA,NA,NA,NA,NA,NA,NA,NA,NA,19.99,19.99,0,NA,NA,NA,NA,NA,NA,NA,NA
1237970,NA,NA,NA,NA,NA,NA,NA,NA,NA,NA,29.99,29.99,0,NA,NA,NA,NA,NA,NA,NA,NA
787860,NA,NA,NA,NA,NA,NA,NA,NA,NA,NA,17.99,17.99,0,NA,NA,NA,NA,NA,NA,NA,NA
33230,NA,NA,NA,NA,NA,NA,NA,NA,NA,NA,19.99,19.99,0,NA,NA,NA,NA,NA,NA,NA,NA
289650,NA,NA,NA,NA,NA,NA,NA,NA,NA,NA,29.99,29.99,0,NA,NA,NA,NA,NA,NA,NA,NA
1237950,NA,NA,NA,NA,NA,NA,NA,NA,NA,NA,39.99,39.99,0,NA,NA,NA,NA,NA,NA,NA,NA
200260,NA,NA,NA,NA,NA,NA,NA,NA,NA,NA,19.99,19.99,80,NA,NA,NA,NA,NA,NA,NA,NA
205100,NA,NA,NA,NA,NA,NA,NA,NA,NA,NA,9.99,9.99,0,NA,NA,NA,NA,NA,NA,NA,NA
47790,NA,NA,NA,NA,NA,NA,NA,NA,NA,NA,19.99,19.99,0,NA,NA,NA,NA,NA,NA,NA,NA
232010,NA,NA,NA,NA,NA,NA,NA,NA,NA,NA,4.99,4.99,0,NA,NA,NA,NA,NA,NA,NA,NA
201810,NA,NA,NA,NA,NA,NA,NA,NA,NA,NA,19.99,19.99,0,NA,NA,NA,NA,NA,NA,NA,NA
243470,NA,NA,NA,NA,NA,NA,NA,NA,NA,NA,19.99,19.99,0,NA,NA,NA,NA,NA,NA,NA,NA
204100,NA,NA,NA,NA,NA,NA,NA,NA,NA,NA,19.99,19.99,70,NA,NA,NA,NA,NA,NA,NA,NA
209650,NA,NA,NA,NA,NA,NA,NA,NA,NA,NA,59.99,59.99,0,NA,NA,NA,NA,NA,NA,NA,NA
50130,NA,NA,NA,NA,NA,NA,NA,NA,NA,NA,29.99,29.99,80,NA,NA,NA,NA,NA,NA,NA,NA
17460,NA,NA,NA,NA,NA,NA,NA,NA,NA,NA,29.99,29.99,0,NA,NA,NA,NA,NA,NA,NA,NA
55230,NA,NA,NA,NA,NA,NA,NA,NA,NA,NA,9.99,9.99,0,NA,NA,NA,NA,NA,NA,NA,NA
1328660,NA,NA,NA,NA,NA,NA,NA,NA,NA,NA,29.99,29.99,0,NA,NA,NA,NA,NA,NA,NA,NA
365590,NA,NA,NA,NA,NA,NA,NA,NA,NA,NA,29.99,29.99,80,NA,NA,NA,NA,NA,NA,NA,NA
9200,NA,NA,NA,NA,NA,NA,NA,NA,NA,NA,9.99,9.99,0,NA,NA,NA,NA,NA,NA,NA,NA
65980,NA,NA,NA,NA,NA,NA,NA,NA,NA,NA,39.99,39.99,0,NA,NA,NA,NA,NA,NA,NA,NA
1222680,NA,NA,NA,NA,NA,NA,NA,NA,NA,NA,69.99,69.99,0,NA,NA,NA,NA,NA,NA,NA,NA
241930,NA,NA,NA,NA,NA,NA,NA,NA,NA,NA,19.99,19.99,0,NA,NA,NA,NA,NA,NA,NA,NA
231430,NA,NA,NA,NA,NA,NA,NA,NA,NA,NA,19.99,19.99,0,NA,NA,NA,NA,NA,NA,NA,NA
47780,NA,NA,NA,NA,NA,NA,NA,NA,NA,NA,19.99,19.99,0,NA,NA,NA,NA,NA,NA,NA,NA
292730,NA,NA,NA,NA,NA,NA,NA,NA,NA,NA,59.99,59.99,0,NA,NA,NA,NA,NA,NA,NA,NA
209000,NA,NA,NA,NA,NA,NA,NA,NA,NA,NA,19.99,19.99,0,NA,NA,NA,NA,NA,NA,NA,NA
965320,NA,NA,NA,NA,NA,NA,NA,NA,NA,NA,14.99,14.99,0,NA,NA,NA,NA,NA,NA,NA,NA
956450,NA,NA,NA,NA,NA,NA,NA,NA,NA,NA,9.99,9.99,0,NA,NA,NA,NA,NA,NA,NA,NA
48220,NA,NA,NA,NA,NA,NA,NA,NA,NA,NA,9.99,9.99,0,NA,NA,NA,NA,NA,NA,NA,NA
268500,NA,NA,NA,NA,NA,NA,NA,NA,NA,NA,19.99,19.99,0,NA,NA,NA,NA,NA,NA,NA,NA
261640,NA,NA,NA,NA,NA,NA,NA,NA,NA,NA,39.99,39.99,90,NA,NA,NA,NA,NA,NA,NA,NA
428020,NA,NA,NA,NA,NA,NA,NA,NA,NA,NA,4.99,4.99,0,NA,NA,NA,NA,NA,NA,NA,NA
268050,NA,NA,NA,NA,NA,NA,NA,NA,NA,NA,19.99,19.99,0,NA,NA,NA,NA,NA,NA,NA,NA
57690,NA,NA,NA,NA,NA,NA,NA,NA,NA,NA,14.99,14.99,0,NA,NA,NA,NA,NA,NA,NA,NA
1262600,NA,NA,NA,NA,NA,NA,NA,NA,NA,NA,19.99,19.99,0,NA,NA,NA,NA,NA,NA,NA,NA
48110,NA,NA,NA,NA,NA,NA,NA,NA,NA,NA,9.99,9.99,0,NA,NA,NA,NA,NA,NA,NA,NA
32510,NA,NA,NA,NA,NA,NA,NA,NA,NA,NA,19.99,19.99,0,NA,NA,NA,NA,NA,NA,NA,NA
403640,NA,NA,NA,NA,NA,NA,NA,NA,NA,NA,29.99,29.99,0,NA,NA,NA,NA,NA,NA,NA,NA
722230,NA,NA,NA,NA,NA,NA,NA,NA,NA,NA,29.99,29.99,0,NA,NA,NA,NA,NA,NA,NA,NA
203140,NA,NA,NA,NA,NA,NA,NA,NA,NA,NA,19.99,19.99,0,NA,NA,NA,NA,NA,NA,NA,NA
375910,NA,NA,NA,NA,NA,NA,NA,NA,NA,NA,39.99,39.99,0,NA,NA,NA,NA,NA,NA,NA,NA
55100,NA,NA,NA,NA,NA,NA,NA,NA,NA,NA,19.99,19.99,0,NA,NA,NA,NA,NA,NA,NA,NA
286690,NA,NA,NA,NA,NA,NA,NA,NA,NA,NA,19.99,19.99,90,NA,NA,NA,NA,NA,NA,NA,NA
40390,NA,NA,NA,NA,NA,NA,NA,NA,NA,NA,9.99,9.99,0,NA,NA,NA,NA,NA,NA,NA,NA
2559820,NA,NA,NA,NA,NA,NA,NA,NA,NA,NA,5.99,5.99,0,NA,NA,NA,NA,NA,NA,NA,NA
214510,NA,NA,NA,NA,NA,NA,NA,NA,NA,NA,19.99,19.99,80,NA,NA,NA,NA,NA,NA,NA,NA
204120,NA,NA,NA,NA,NA,NA,NA,NA,NA,NA,19.99,19.99,80,NA,NA,NA,NA,NA,NA,NA,NA
619470,NA,NA,NA,NA,NA,NA,NA,NA,NA,NA,9.99,9.99,0,NA,NA,NA,NA,NA,NA,NA,NA
1151340,NA,NA,NA,NA,NA,NA,NA,NA,NA,NA,39.99,39.99,0,NA,NA,NA,NA,NA,NA,NA,NA
7520,NA,NA,NA,NA,NA,NA,NA,NA,NA,NA,24.99,24.99,0,NA,NA,NA,NA,NA,NA,NA,NA
2183900,NA,NA,NA,NA,NA,NA,NA,NA,NA,NA,59.99,59.99,67,NA,NA,NA,NA,NA,NA,NA,NA
368500,NA,NA,NA,NA,NA,NA,NA,NA,NA,NA,29.99,29.99,0,NA,NA,NA,NA,NA,NA,NA,NA
213670,NA,NA,NA,NA,NA,NA,NA,NA,NA,NA,29.99,29.99,75,NA,NA,NA,NA,NA,NA,NA,NA
287390,NA,NA,NA,NA,NA,NA,NA,NA,NA,NA,19.99,19.99,90,NA,NA,NA,NA,NA,NA,NA,NA
10680,NA,NA,NA,NA,NA,NA,NA,NA,NA,NA,14.99,14.99,0,NA,NA,NA,NA,NA,NA,NA,NA
40100,NA,NA,NA,NA,NA,NA,NA,NA,NA,NA,12.99,12.99,0,NA,NA,NA,NA,NA,NA,NA,NA
235600,NA,NA,NA,NA,NA,NA,NA,NA,NA,NA,19.99,19.99,0,NA,NA,NA,NA,NA,NA,NA,NA
206420,NA,NA,NA,NA,NA,NA,NA,NA,NA,NA,19.99,19.99,0,NA,NA,NA,NA,NA,NA,NA,NA
39690,NA,NA,NA,NA,NA,NA,NA,NA,NA,NA,19.99,19.99,0,NA,NA,NA,NA,NA,NA,NA,NA
1238060,NA,NA,NA,NA,NA,NA,NA,NA,NA,NA,19.99,19.99,0,NA,NA,NA,NA,NA,NA,NA,NA
346110,NA,NA,NA,NA,NA,NA,NA,NA,NA,NA,14.99,14.99,34,NA,NA,NA,NA,NA,NA,NA,NA
239140,NA,NA,NA,NA,NA,NA,NA,NA,NA,NA,24.99,24.99,0,NA,NA,NA,NA,NA,NA,NA,NA
249130,NA,NA,NA,NA,NA,NA,NA,NA,NA,NA,19.99,19.99,80,NA,NA,NA,NA,NA,NA,NA,NA
49540,NA,NA,NA,NA,NA,NA,NA,NA,NA,NA,29.99,29.99,0,NA,NA,NA,NA,NA,NA,NA,NA
236430,NA,NA,NA,NA,NA,NA,NA,NA,NA,NA,39.99,39.99,0,NA,NA,NA,NA,NA,NA,NA,NA
212630,NA,NA,NA,NA,NA,NA,NA,NA,NA,NA,19.99,19.99,0,NA,NA,NA,NA,NA,NA,NA,NA
1148590,NA,NA,NA,NA,NA,NA,NA,NA,NA,NA,4.99,4.99,0,NA,NA,NA,NA,NA,NA,NA,NA
32460,NA,NA,NA,NA,NA,NA,NA,NA,NA,NA,9.99,9.99,0,NA,NA,NA,NA,NA,NA,NA,NA
39160,NA,NA,NA,NA,NA,NA,NA,NA,NA,NA,14.99,14.99,0,NA,NA,NA,NA,NA,NA,NA,NA
1184640,NA,NA,NA,NA,NA,NA,NA,NA,NA,NA,6.99,6.99,0,NA,NA,NA,NA,NA,NA,NA,NA
47400,NA,NA,NA,NA,NA,NA,NA,NA,NA,NA,29.99,29.99,90,NA,NA,NA,NA,NA,NA,NA,NA
2451320,NA,NA,NA,NA,NA,NA,NA,NA,NA,NA,29.99,29.99,0,NA,NA,NA,NA,NA,NA,NA,NA
34830,NA,NA,NA,NA,NA,NA,NA,NA,NA,NA,7.99,7.99,0,NA,NA,NA,NA,NA,NA,NA,NA
606280,NA,NA,NA,NA,NA,NA,NA,NA,NA,NA,39.99,39.99,0,NA,NA,NA,NA,NA,NA,NA,NA
21100,NA,NA,NA,NA,NA,NA,NA,NA,NA,NA,19.99,19.99,0,NA,NA,NA,NA,NA,NA,NA,NA
214340,NA,NA,NA,NA,NA,NA,NA,NA,NA,NA,9.99,9.99,0,NA,NA,NA,NA,NA,NA,NA,NA
105600,NA,NA,NA,NA,NA,NA,NA,NA,NA,NA,9.99,9.99,0,NA,NA,NA,NA,NA,NA,NA,NA
214490,NA,NA,NA,NA,NA,NA,NA,NA,NA,NA,39.99,39.99,0,NA,NA,NA,NA,NA,NA,NA,NA
225540,NA,NA,NA,NA,NA,NA,NA,NA,NA,NA,19.99,19.99,0,NA,NA,NA,NA,NA,NA,NA,NA
67370,NA,NA,NA,NA,NA,NA,NA,NA,NA,NA,29.99,29.99,90,NA,NA,NA,NA,NA,NA,NA,NA
255710,NA,NA,NA,NA,NA,NA,NA,NA,NA,NA,29.99,29.99,0,NA,NA,NA,NA,NA,NA,NA,NA
371660,NA,NA,NA,NA,NA,NA,NA,NA,NA,NA,29.99,29.99,0,NA,NA,NA,NA,NA,NA,NA,NA
45740,NA,NA,NA,NA,NA,NA,NA,NA,NA,NA,19.99,19.99,0,NA,NA,NA,NA,NA,NA,NA,NA
35450,NA,NA,NA,NA,NA,NA,NA,NA,NA,NA,19.99,19.99,0,NA,NA,NA,NA,NA,NA,NA,NA
245620,NA,NA,NA,NA,NA,NA,NA,NA,NA,NA,19.99,19.99,0,NA,NA,NA,NA,NA,NA,NA,NA
227300,NA,NA,NA,NA,NA,NA,NA,NA,NA,NA,19.99,19.99,0,NA,NA,NA,NA,NA,NA,NA,NA
90200,NA,NA,NA,NA,NA,NA,NA,NA,NA,NA,7.99,7.99,0,NA,NA,NA,NA,NA,NA,NA,NA
8190,NA,NA,NA,NA,NA,NA,NA,NA,NA,NA,14.99,14.99,0,NA,NA,NA,NA,NA,NA,NA,NA
208650,NA,NA,NA,NA,NA,NA,NA,NA,NA,NA,19.99,19.99,80,NA,NA,NA,NA,NA,NA,NA,NA
240760,NA,NA,NA,NA,NA,NA,NA,NA,NA,NA,29.99,29.99,75,NA,NA,NA,NA,NA,NA,NA,NA
1238000,NA,NA,NA,NA,NA,NA,NA,NA,NA,NA,39.99,39.99,0,NA,NA,NA,NA,NA,NA,NA,NA
19680,NA,NA,NA,NA,NA,NA,NA,NA,NA,NA,9.99,9.99,0,NA,NA,NA,NA,NA,NA,NA,NA
107410,NA,NA,NA,NA,NA,NA,NA,NA,NA,NA,29.99,29.99,70,NA,NA,NA,NA,NA,NA,NA,NA
40350,NA,NA,NA,NA,NA,NA,NA,NA,NA,NA,9.99,9.99,0,NA,NA,NA,NA,NA,NA,NA,NA
115320,NA,NA,NA,NA,NA,NA,NA,NA,NA,NA,39.99,39.99,0,NA,NA,NA,NA,NA,NA,NA,NA
362780,NA,NA,NA,NA,NA,NA,NA,NA,NA,NA,9.99,9.99,55,NA,NA,NA,NA,NA,NA,NA,NA
211600,NA,NA,NA,NA,NA,NA,NA,NA,NA,NA,6.99,6.99,0,NA,NA,NA,NA,NA,NA,NA,NA
204450,NA,NA,NA,NA,NA,NA,NA,NA,NA,NA,14.99,14.99,0,NA,NA,NA,NA,NA,NA,NA,NA
33220,NA,NA,NA,NA,NA,NA,NA,NA,NA,NA,9.99,9.99,0,NA,NA,NA,NA,NA,NA,NA,NA
364360,NA,NA,NA,NA,NA,NA,NA,NA,NA,NA,59.99,59.99,75,NA,NA,NA,NA,NA,NA,NA,NA
15620,NA,NA,NA,NA,NA,NA,NA,NA,NA,NA,49.99,49.99,80,NA,NA,NA,NA,NA,NA,NA,NA
391220,NA,NA,NA,NA,NA,NA,NA,NA,NA,NA,29.99,29.99,0,NA,NA,NA,NA,NA,NA,NA,NA
215160,NA,NA,NA,NA,NA,NA,NA,NA,NA,NA,19.99,19.99,0,NA,NA,NA,NA,NA,NA,NA,NA
1238810,NA,NA,NA,NA,NA,NA,NA,NA,NA,NA,49.99,49.99,0,NA,NA,NA,NA,NA,NA,NA,NA
249230,NA,NA,NA,NA,NA,NA,NA,NA,NA,NA,14.99,14.99,0,NA,NA,NA,NA,NA,NA,NA,NA
1643310,NA,NA,NA,NA,NA,NA,NA,NA,NA,NA,49.99,49.99,0,NA,NA,NA,NA,NA,NA,NA,NA
55110,NA,NA,NA,NA,NA,NA,NA,NA,NA,NA,19.99,19.99,0,NA,NA,NA,NA,NA,NA,NA,NA
260570,NA,NA,NA,NA,NA,NA,NA,NA,NA,NA,9.99,9.99,0,NA,NA,NA,NA,NA,NA,NA,NA
219910,NA,NA,NA,NA,NA,NA,NA,NA,NA,NA,19.99,19.99,0,NA,NA,NA,NA,NA,NA,NA,NA
270880,NA,NA,NA,NA,NA,NA,NA,NA,NA,NA,19.99,19.99,0,NA,NA,NA,NA,NA,NA,NA,NA
287200,NA,NA,NA,NA,NA,NA,NA,NA,NA,NA,9.99,9.99,25,NA,NA,NA,NA,NA,NA,NA,NA
34870,NA,NA,NA,NA,NA,NA,NA,NA,NA,NA,9.99,9.99,0,NA,NA,NA,NA,NA,NA,NA,NA
2870,NA,NA,NA,NA,NA,NA,NA,NA,NA,NA,29.99,29.99,0,NA,NA,NA,NA,NA,NA,NA,NA
208730,NA,NA,NA,NA,NA,NA,NA,NA,NA,NA,14.99,14.99,0,NA,NA,NA,NA,NA,NA,NA,NA
78000,NA,NA,NA,NA,NA,NA,NA,NA,NA,NA,4.99,4.99,0,NA,NA,NA,NA,NA,NA,NA,NA
350080,NA,NA,NA,NA,NA,NA,NA,NA,NA,NA,19.99,19.99,0,NA,NA,NA,NA,NA,NA,NA,NA
41070,NA,NA,NA,NA,NA,NA,NA,NA,NA,NA,29.99,29.99,0,NA,NA,NA,NA,NA,NA,NA,NA
57680,NA,NA,NA,NA,NA,NA,NA,NA,NA,NA,9.99,9.99,0,NA,NA,NA,NA,NA,NA,NA,NA
1672970,NA,NA,NA,NA,NA,NA,NA,NA,NA,NA,19.99,19.99,0,NA,NA,NA,NA,NA,NA,NA,NA
207490,NA,NA,NA,NA,NA,NA,NA,NA,NA,NA,19.99,19.99,70,NA,NA,NA,NA,NA,NA,NA,NA
287700,NA,NA,NA,NA,NA,NA,NA,NA,NA,NA,19.99,19.99,0,NA,NA,NA,NA,NA,NA,NA,NA
45760,NA,NA,NA,NA,NA,NA,NA,NA,NA,NA,29.99,29.99,0,NA,NA,NA,NA,NA,NA,NA,NA
241910,NA,NA,NA,NA,NA,NA,NA,NA,NA,NA,19.99,19.99,0,NA,NA,NA,NA,NA,NA,NA,NA
205650,NA,NA,NA,NA,NA,NA,NA,NA,NA,NA,19.99,19.99,90,NA,NA,NA,NA,NA,NA,NA,NA
580200,NA,NA,NA,NA,NA,NA,NA,NA,NA,NA,24.99,24.99,0,NA,NA,NA,NA,NA,NA,NA,NA
292480,NA,NA,NA,NA,NA,NA,NA,NA,NA,NA,9.99,9.99,0,NA,NA,NA,NA,NA,NA,NA,NA
313130,NA,NA,NA,NA,NA,NA,NA,NA,NA,NA,12.99,12.99,0,NA,NA,NA,NA,NA,NA,NA,NA
582010,NA,NA,NA,NA,NA,NA,NA,NA,NA,NA,29.99,29.99,0,NA,NA,NA,NA,NA,NA,NA,NA
240600,NA,NA,NA,NA,NA,NA,NA,NA,NA,NA,9.99,9.99,0,NA,NA,NA,NA,NA,NA,NA,NA
1068700,NA,NA,NA,NA,NA,NA,NA,NA,NA,NA,19.99,19.99,0,NA,NA,NA,NA,NA,NA,NA,NA
633230,NA,NA,NA,NA,NA,NA,NA,NA,NA,NA,39.99,39.99,75,NA,NA,NA,NA,NA,NA,NA,NA
355240,NA,NA,NA,NA,NA,NA,NA,NA,NA,NA,8.99,8.99,0,NA,NA,NA,NA,NA,NA,NA,NA
514750,NA,NA,NA,NA,NA,NA,NA,NA,NA,NA,9.99,9.99,0,NA,NA,NA,NA,NA,NA,NA,NA
527280,NA,NA,NA,NA,NA,NA,NA,NA,NA,NA,29.99,29.99,0,NA,NA,NA,NA,NA,NA,NA,NA
829660,NA,NA,NA,NA,NA,NA,NA,NA,NA,NA,13.99,13.99,0,NA,NA,NA,NA,NA,NA,NA,NA
226100,NA,NA,NA,NA,NA,NA,NA,NA,NA,NA,9.99,9.99,0,NA,NA,NA,NA,NA,NA,NA,NA
847720,Söldner: Secret Wars Remastered,Pixelcloud Games|Wings Simulations,THQ Nordic,NA,NA,NA,NA,NA,NA,NA,NA,NA,NA,NA,1|28|2,19|1774|1678|6910|13276|7423|4747|19995|1708|19780|1775|1697|5363|3814|4191|599|4598|4684|5030|51306,NA,NA,FALSE,FALSE,FALSE
3105440,Heroes of Might and Magic: Olden Era,Unfrozen,Hooded Horse,NA,NA,NA,NA,NA,NA,NA,NA,NA,NA,NA,3|2|70,9|599|12472|6310|1677|4182|1685|4695|1669|4168|4598|493|4364|1741|1670|4172|3859|1678|1708|3987,NA,NA,TRUE,FALSE,FALSE
4165620,R-Type Dimensions III,KRITZELKRATZ 3000,ININ,NA,NA,NA,NA,NA,NA,NA,NA,NA,NA,NA,1,3798|4255|3964|3942|1755|6691|1673|4295|3916|4004|1685|3841|19|1774|4975|3871|4191|7481|7250|4305,NA,NA,FALSE,FALSE,FALSE
4770,Rome: Total War - Alexander,The Creative Assembly,SEGA,NA,NA,NA,76,NA,NA,NA,NA,NA,NA,NA,2,9|1676|1708|3813|3987|1741|4364|6948|1677|3859|4182|1693,NA,08/28/2007,FALSE,FALSE,FALSE
24790,Command & Conquer 3: Tiberium Wars™,EA Los Angeles,Electronic Arts,NA,NA,NA,89,NA,NA,NA,NA,NA,NA,NA,1|2,9|5350|3942|18594|1678|4166|3835|1742|4295|1673|1693|1756|8122|1676|19|3859|4182|7332|1723|4328,NA,NA,TRUE,FALSE,FALSE
35030,Championship Manager 2010,Beautiful Game Studios,Square Enix,NA,NA,NA,79,NA,NA,NA,NA,NA,NA,NA,28|18,701|599,NA,09/11/2009,FALSE,FALSE,FALSE
260750,Neighbours from Hell,JoWooD Vienna,HandyGames,NA,NA,NA,97,NA,NA,NA,NA,NA,NA,NA,25|4,1719|597|14720|3916|4166|1756|3871|1773|5923|492|1721|1693|4136|1664|1698|4182|21|1687|9,NA,11/07/2013,TRUE,FALSE,FALSE
1842560,Ultimate Waifu Battle Online Playtest,NA,NA,NA,NA,NA,NA,NA,NA,NA,NA,NA,NA,NA,NA,NA,NA,12/15/2021,TRUE,FALSE,TRUE
2208810,Jurassic Park: Survival,Saber Interactive,Saber Interactive,NA,NA,NA,NA,NA,NA,NA,NA,NA,NA,NA,1|25,5160|4106|4145|4175|6691|5984|3942|1667|5094|3978|1742|7948|3839|7208|1662|4182|1687|19|21|3834,NA,NA,TRUE,FALSE,FALSE
2662630,The Elder Scrolls Online: Gold Road,ZeniMax Online Studios,Bethesda Softworks,NA,NA,NA,43,NA,NA,NA,NA,NA,NA,NA,1|25|29|3,122|1754|4747|1775|6730|3854|1742|4486|4231|4057|4155|4166|21|1695|1684|128|19|3834|3859|4182,NA,06/03/2024,TRUE,TRUE,FALSE
320,Half-Life 2: Deathmatch,Valve,Valve,NA,NA,NA,90,NA,NA,NA,NA,NA,NA,NA,1,19|1663|3916|1775|5547|1669|4166|21|1756|4182|4667|5348|3859|1774|3839|3942|3968|3878|4136|1685,NA,11/01/2004,TRUE,TRUE,TRUE
2100880,Dark Age of Death,Tanner The Viking|Parma Games|LastCeri,Team Viking Studios,NA,NA,NA,NA,NA,NA,NA,NA,NA,NA,NA,1|25|29|3,21|122|4175|5395|3839|1697|4155|1678|3993|1702|6276|7208|29482|1684|4172|4231|1754|4604|16094|4191,NA,NA,FALSE,FALSE,FALSE
2229870,Command & Conquer™: Generals,EA Pacific,Electronic Arts,NA,NA,NA,87,NA,NA,NA,NA,NA,NA,NA,1|2,9|19|3859|4182|1676|7332|4231|122|1693,NA,03/07/2024,TRUE,FALSE,FALSE
2700,RollerCoaster Tycoon 3: Platinum!,Frontier|Aspyr (Mac),Frontier|Aspyr (Mac),NA,NA,NA,91,NA,NA,NA,NA,NA,NA,NA,28|2,599|12472|4136|1669|3859|4328|1695|1719|1756|597|113|21|3810|1643|9|4182|4695|1693|7107|5350,NA,03/12/2008,TRUE,TRUE,FALSE
1846380,Need for Speed™ Unbound,Criterion Games,Electronic Arts,NA,NA,NA,60,NA,NA,NA,NA,NA,NA,NA,1|9,699|3859|3843|597|599|701|21|4166|4085|1621|3934|10816|1695|1644|19|4182|4747|7481|4102|1773,NA,12/02/2022,TRUE,FALSE,FALSE
2324210,TRANSFORMERS: Galactic Trials,3DClouds,Outright Games Ltd.,NA,NA,NA,72,NA,NA,NA,NA,NA,NA,NA,1|25|9,19|5350|3942|4106|4305|10816|1775|3859|4182|5752|7368|3959|4562|21|3993|3834|4102|699|4295,NA,10/11/2024,TRUE,FALSE,FALSE
2362420,Mass Effect 2 (2010) Edition,BioWare,Electronic Arts,NA,NA,NA,78,NA,NA,NA,NA,NA,NA,NA,3,122|19|4947|1697|4747|1774|4166|7208|4231|7107|4345|4667|3814|3942|1755|6426|1742|4182|21|4145,NA,05/15/2023,TRUE,FALSE,FALSE
22490,Fallout: New Vegas PCR,Obsidian Entertainment,Bethesda Softworks,NA,NA,NA,93,NA,NA,NA,NA,NA,NA,NA,1|3,122|3835|1756|3839|1693|1647|1774|1697|4345|3942|1663|1667|1695|4166|1742|4182|19|1662|21|6426,NA,10/20/2010,TRUE,FALSE,FALSE
73020,Majesty 2 Collection,1C:InoCo,Paradox Interactive,NA,NA,NA,73,NA,NA,NA,NA,NA,NA,NA,2,9|1676|1684|7332|4182|599|1719,NA,04/19/2011,FALSE,FALSE,FALSE
363150,Romance of the Three Kingdoms XIII,"KOEI TECMO GAMES CO., LTD.","KOEI TECMO GAMES CO., LTD.",NA,NA,NA,57,NA,NA,NA,NA,NA,NA,NA,28,14139|4684|9|3987|4191|4598|599|1708|8945|4711|122|4182|4168|9204|6310|1678|1676|4364|1741|4747,NA,01/28/2016,TRUE,FALSE,FALSE
502750,Quest for Glory Collection,Sierra,Activision,NA,NA,NA,95,NA,NA,NA,NA,NA,NA,NA,25,21|6691|4057|3834|4172|1698|1693|1756|3871|1684|4004|7782|122,NA,08/29/2016,TRUE,FALSE,FALSE
985890,Streets of Rage 4,Dotemu|Guard Crush|Lizardcube,Dotemu,NA,NA,NA,92,NA,NA,NA,NA,NA,NA,NA,1|23,4158|19|1756|3859|4004|1685|4508|21|6815|1693|597|4305|492|3871|1743|1773|7368|3843|3798|3841,NA,04/30/2020,TRUE,TRUE,TRUE
1267540,WRC 9 FIA World Rally Championship,KT Racing,Nacon,NA,NA,NA,77,NA,NA,NA,NA,NA,NA,NA,9|28|18,699|1644|3839|4191|1695|599|1697|3859|7622|4175|4305|1685|1100687|701|3968|12472|1775|16689|3878|5055,NA,09/16/2021,TRUE,FALSE,FALSE
1284210,Guild Wars 2®,ArenaNet®,ArenaNet®|NCSOFT,NA,NA,NA,88,NA,NA,NA,NA,NA,NA,NA,25|29|3|37,1754|21|3859|4166|4155|3993|9|1702|3843|3834|1742|4182|122|113|4747|1684|128|1697|1775|4191,NA,08/23/2022,TRUE,FALSE,FALSE
1361210,"Warhammer 40,000: Darktide",Fatshark,Fatshark,NA,NA,NA,71,NA,NA,NA,NA,NA,NA,NA,1|25|3,1667|5711|1659|3839|4747|4342|4106|19|5094|4604|4175|4166|3993|1685|12286|6730|1663|4155|1646|1774,NA,11/30/2022,TRUE,FALSE,FALSE
1735700,Back to the Dawn,Metal Head Games,Spiral Up Games,NA,NA,NA,94,NA,NA,NA,NA,NA,NA,NA,25|23|3|28|2,122|3964|492|8369|5716|5984|599|4474|9|4136|4975|12095|1742|6426|5613|6971|17305|21|6378|4182,NA,07/18/2025,TRUE,FALSE,FALSE
2648050,Sam & Max: The Devil's Playhouse,Skunkape Games,Skunkape Games,NA,NA,NA,98,NA,NA,NA,NA,NA,NA,NA,25|23,1698|21|1742|1697|4182|5613|1638|7432|1651|7481|3834|5372|1719|1664|4136|4562|4191|4195|4305|1751,NA,08/14/2024,TRUE,FALSE,FALSE
550,Left 4 Dead 2,Valve,Valve,NA,NA,NA,97,NA,NA,NA,NA,NA,NA,NA,1,1659|1685|4345|5711|1669|3978|3835|4182|21|3841|4711|1708|1663|3859|1774|3843|19|1662|1667|3839,NA,NA,TRUE,TRUE,TRUE
10100,King's Quest Collection,Sierra,Activision,NA,NA,NA,87,NA,NA,NA,NA,NA,NA,NA,25,21|1698|3916|3871|7208|1693|1684|4004|3964|1664|6691|7743|4182,NA,07/23/2009,TRUE,FALSE,FALSE
12210,Grand Theft Auto IV: The Complete Edition,Rockstar North|Rockstar Toronto,Rockstar Games,NA,NA,NA,83,NA,NA,NA,NA,NA,NA,NA,1|25,1695|19|3810|1774|3968|4166|1693|5923|4136|4345|1651|1685|6378|3859|1100687|1697|21|4182|3814|1669,NA,12/02/2008,FALSE,FALSE,FALSE
26000,The Maw,Twisted Pixel Games,Twisted Pixel Games|Xbox Game Studios,NA,NA,NA,83,NA,NA,NA,NA,NA,NA,NA,1|23,492|19|1625|4726|21|5395|1664|1719|597|1673,NA,NA,FALSE,FALSE,FALSE
94600,Hector: Ep 1,Telltale,Telltale,NA,NA,NA,70,NA,NA,NA,NA,NA,NA,NA,1|25|4,21|597|19|4345|4667|4182|1742|1698|5923|5613,NA,NA,TRUE,TRUE,FALSE
202530,SONIC THE HEDGEHOG 4 Episode I,SEGA,SEGA,NA,NA,NA,39,NA,NA,NA,NA,NA,NA,NA,NA,1625|3871|1721|3798|4242|5379|1773|4004|19|21|4305|4182|1734|1756|4975|5350,NA,01/19/2012,TRUE,FALSE,FALSE
369280,Hidden Mysteries: Titanic,Gunnar Games,GameMill Entertainment,NA,NA,NA,78,NA,NA,NA,NA,NA,NA,NA,4,597|1738|1698,NA,03/21/2016,TRUE,FALSE,FALSE
694500,Army Men RTS,Pandemic Studios,2K,NA,NA,NA,88,NA,NA,NA,NA,NA,NA,NA,1|2,9|1676|3859|19|1693|7332|4182|4168,NA,12/20/2017,TRUE,FALSE,FALSE
728240,Adventure Time: Pirates of the Enchiridion,Climax Studios,Outright Games Ltd.,NA,NA,NA,90,NA,NA,NA,NA,NA,NA,NA,25|3,122|21|4325|1677|1743|4305|1697|1719|4106|4182|3859|1685|4562|19|552282|7481|1695|5350|1681|3955,NA,07/17/2018,TRUE,FALSE,FALSE
813780,Age of Empires II: Definitive Edition,World's Edge|Forgotten Empires|CaptureAge|Tantalus Media|Wicked Witch,Xbox Game Studios,NA,NA,NA,94,NA,NA,NA,NA,NA,NA,NA,2,9|1676|1708|4161|1685|5708|3871|5851|4711|19|1756|21|4328|3859|7332|3987|4182|4172|8945|1693,NA,11/14/2019,TRUE,FALSE,FALSE
818320,LEGO® The Incredibles,TT Games|Feral Interactive (Mac),Warner Bros. Interactive Entertainment|Feral Interactive (Mac),NA,NA,NA,90,NA,NA,NA,NA,NA,NA,NA,1|25,19|1736|4136|7368|7481|1756|10397|10816|597|1719|21|1695|1671|1685|5350|3859|4182|3841,NA,06/15/2018,TRUE,TRUE,FALSE
933110,Age of Empires III: Definitive Edition,World's Edge|Tantalus Media|Forgotten Empires,Xbox Game Studios,NA,NA,NA,85,NA,NA,NA,NA,NA,NA,NA,2|37,9|7332|8945|1775|3993|4191|3843|1685|4172|1669|1742|8122|1676|3859|4168|4328|3987|1678|113|4182,NA,10/15/2020,TRUE,FALSE,FALSE
1449690,The Walking Dead: The Telltale Definitive Series,Skybound Games,Skybound Games,NA,NA,NA,96,NA,NA,NA,NA,NA,NA,NA,25,6426|1742|3799|1698|4166|4191|1697|4342|9592|15172|5030|5094|11014|6971|1667|1751|21|4486|1659|3835,NA,10/29/2020,TRUE,FALSE,FALSE
1955800,TRANSFORMERS: EARTHSPARK - Expedition,Tessera Studios,Outright Games Ltd.|Phoenixx Inc.,NA,NA,NA,59,NA,NA,NA,NA,NA,NA,NA,1|25,5752|19|21|3993|5350|4562|4182|4106|4191|11104,NA,10/13/2023,TRUE,FALSE,FALSE
3150480,Agatha Christie - Death on the Nile,Microids Studio Lyon,Microids,NA,NA,NA,79,NA,NA,NA,NA,NA,NA,NA,25,3834|1664|5094|4305|4175|4252|4064|6129|5716|8369|1719|4166|3799|1698|4191|31275|1697|5613|4136|1742,NA,09/25/2025,TRUE,FALSE,FALSE
4147090,Sid Meier's Civilization VII Firaxis Feature Workshop,NA,NA,NA,NA,NA,NA,NA,NA,NA,NA,NA,NA,NA,NA,NA,NA,NA,TRUE,TRUE,TRUE
3730,Aliens versus Predator Classic 2000,Rebellion,Rebellion,NA,NA,NA,87,NA,NA,NA,NA,NA,NA,NA,1,1663|1693|4182|4166|4345|1734|1687|1662|3916|6691|1023537|7782|19|1673|1667|3942|3859|1774|4004|3839,NA,NA,TRUE,FALSE,FALSE
4780,Medieval II: Total War Kingdoms,The Creative Assembly|Feral Interactive (Mac)|Feral Interactive (Linux),SEGA|Feral Interactive (Mac)|Feral Interactive (Linux),NA,NA,NA,95,NA,NA,NA,NA,NA,NA,NA,2,NA,NA,08/28/2007,TRUE,TRUE,TRUE
9420,Supreme Commander: Forged Alliance,Gas Powered Games,Square Enix,NA,NA,NA,96,NA,NA,NA,NA,NA,NA,NA,2,9|1676|5752|3878|4161|19|3843|1693|1678|1755|1756|21|3942|3859|4182|7332|4364|1685|1669|7107,NA,09/29/2011,FALSE,FALSE,FALSE
9900,Star Trek Online,Cryptic Studios,Arc Games,NA,NA,NA,79,NA,NA,NA,NA,NA,NA,NA,29|3|37,113|3942|1697|21|4182|6730|1685|3843|1775|9|4231|1708|128|1755|1754|122|1695|3859|4747|19,NA,01/31/2012,TRUE,FALSE,FALSE
12220,Grand Theft Auto: Episodes from Liberty City,Rockstar North / Toronto,Rockstar Games,NA,NA,NA,74,NA,NA,NA,NA,NA,NA,NA,1,1695|19|1644|3814|5611|6650|1756|1742|699|4166|1669|1719|1100687|1697|3859|6378|21|1774|3810|4182,NA,04/13/2010,FALSE,FALSE,FALSE
15370,Heroes of Might & Magic V: Tribes of the East,Nival,Ubisoft,NA,NA,NA,92,NA,NA,NA,NA,NA,NA,NA,2,9|1741|4057|1684|3859|1677|4182|122|21|7368|1708,NA,10/10/2008,TRUE,FALSE,FALSE
17480,Command & Conquer™ Red Alert™ 3,EA Los Angeles,Electronic Arts,NA,NA,NA,85,NA,NA,NA,NA,NA,NA,NA,1|2,9|5350|1678|4598|4161|3942|4508|1693|1756|1719|18594|4166|8122|1676|19|3859|7332|4182|1685|3843,NA,01/08/2009,TRUE,FALSE,FALSE
22130,Hearts of Iron II: Complete,Paradox Development Studio,Paradox Interactive,NA,NA,NA,86,NA,NA,NA,NA,NA,NA,NA,2,9|4364|4150|3987|1676|599,NA,01/23/2009,TRUE,FALSE,FALSE
24810,Command & Conquer 3: Kane's Wrath™,EA Los Angeles,Electronic Arts,NA,NA,NA,93,NA,NA,NA,NA,NA,NA,NA,1|2,9|8122|7332|3942|18594|1742|4166|3835|1678|1673|1643|4026|5350|19|3859|4182|1676|1685|4364|4191,NA,NA,TRUE,FALSE,FALSE
42920,The Kings' Crusade,NeoCoreGames,Paradox Interactive,NA,NA,NA,39,NA,NA,NA,NA,NA,NA,NA,2,9|4172|1676|3987,NA,NA,FALSE,FALSE,FALSE
211780,Conflict Desert Storm,Pivotal Games,Square Enix,NA,NA,NA,69,NA,NA,NA,NA,NA,NA,NA,1,19|1708|3814|1693|3859|4182|4168|1774|9|1697,NA,NA,FALSE,FALSE,FALSE
219780,Divinity II: Developer's Cut,Larian Studios,Larian Studios|Focus Home Interactive,NA,NA,NA,84,NA,NA,NA,NA,NA,NA,NA,3,122|1684|4747|4172|4166|1719|1756|1742|7208|4136|4026|4474|1695|1697|4046|4231|4182|21|19|4057,NA,10/29/2012,FALSE,FALSE,FALSE
219830,King Arthur's Gold,Transhuman Design,Transhuman Design,NA,NA,NA,84,NA,NA,NA,NA,NA,NA,NA,1|23|37,3859|3871|3878|1685|113|9|3798|1734|4182|4136|1659|5379|19|3964|1643|492|4172|3810|5711|1625,NA,11/05/2013,TRUE,FALSE,TRUE
221380,Age of Empires II (2013),Skybox Labs|Hidden Path Entertainment|Ensemble Studios|Forgotten Empires,Xbox Game Studios,NA,NA,NA,95,NA,NA,NA,NA,NA,NA,NA,2,9|1676|1708|4161|1685|3878|4711|5708|3871|5851|19|21|4172|3859|1693|3987|7332|4328|8945|4182,NA,NA,TRUE,FALSE,FALSE
285330,RollerCoaster Tycoon 2: Triple Thrill Pack,Chris Sawyer Productions,Atari,NA,NA,NA,89,NA,NA,NA,NA,NA,NA,NA,28|2,599|12472|3859|14720|3964|597|5350|3871|4190|1756|4328|4136|1693|3810|9|4182|1643|4695|4004|5851,NA,05/21/2014,TRUE,FALSE,FALSE
294280,Scooby-Doo! & Looney Tunes Cartoon Universe: Adventure,WayForward,Warner Bros. Interactive Entertainment,NA,NA,NA,59,NA,NA,NA,NA,NA,NA,NA,1|25|4,19|21|597|4562|1742|1721|5350,NA,07/16/2014,TRUE,FALSE,FALSE
302790,Momodora III,rdein,rdein,NA,NA,NA,94,NA,NA,NA,NA,NA,NA,NA,1|23,492|19|1756|4026|4166|5379|1625|3964|7208|3871|4726|4085|1628|4182,NA,07/01/2014,TRUE,FALSE,FALSE
39120,NA,NA,NA,NA,NA,NA,NA,NA,NA,NA,NA,NA,NA,NA,NA,NA,NA,NA,NA,NA,NA
2357570,NA,NA,NA,NA,NA,NA,NA,NA,NA,NA,NA,NA,NA,NA,NA,NA,NA,NA,NA,NA,NA
102500,NA,NA,NA,NA,NA,NA,NA,NA,NA,NA,NA,NA,NA,NA,NA,NA,NA,NA,NA,NA,NA
1407200,NA,NA,NA,NA,NA,NA,NA,NA,NA,NA,NA,NA,NA,NA,NA,NA,NA,NA,NA,NA,NA
24200,NA,NA,NA,NA,NA,NA,NA,NA,NA,NA,NA,NA,NA,NA,NA,NA,NA,NA,NA,NA,NA
234820,NA,NA,NA,NA,NA,NA,NA,NA,NA,NA,NA,NA,NA,NA,NA,NA,NA,NA,NA,NA,NA
22350,NA,NA,NA,NA,NA,NA,NA,NA,NA,NA,NA,NA,NA,NA,NA,NA,NA,NA,NA,NA,NA
1085660,NA,NA,NA,NA,NA,NA,NA,NA,NA,NA,NA,NA,NA,NA,NA,NA,NA,NA,NA,NA,NA
50620,NA,NA,NA,NA,NA,NA,NA,NA,NA,NA,NA,NA,NA,NA,NA,NA,NA,NA,NA,NA,NA
202170,NA,NA,NA,NA,NA,NA,NA,NA,NA,NA,NA,NA,NA,NA,NA,NA,NA,NA,NA,NA,NA
2834910,NA,NA,NA,NA,NA,NA,NA,NA,NA,NA,NA,NA,NA,NA,NA,NA,NA,NA,NA,NA,NA
47410,NA,NA,NA,NA,NA,NA,NA,NA,NA,NA,NA,NA,NA,NA,NA,NA,NA,NA,NA,NA,NA
71340,NA,NA,NA,NA,NA,NA,NA,NA,NA,NA,NA,NA,NA,NA,NA,NA,NA,NA,NA,NA,NA
257710,NA,NA,NA,NA,NA,NA,NA,NA,NA,NA,NA,NA,NA,NA,NA,NA,NA,NA,NA,NA,NA
3713530,NA,NA,NA,NA,NA,NA,NA,NA,NA,NA,NA,NA,NA,NA,NA,NA,NA,NA,NA,NA,NA
